1,0,motorcycleblue,b' \n\n'
2,0,motorcyclered,b' \n\n'
3,0,carblue,b' \n\n'
4,0,motorcyclewhite,b' \n\n'
5,0,carblue,b' \n\n'
6,0,truckwhite,b' \n\n'
7,0,carblue,b' \n\n'
8,0,carwhite,b' \n\n'
9,0,motorcycleblue,b' \n\n'
10,0,motorcycleblue,b' \n\n'
11,0,truckorange,b' \n\n'
12,0,carred,b' \n\n'
13,0,motorcyclewhite,b' \n\n'
14,0,motorcycleblue,b' \n\n'
15,0,motorcycleblue,b' \n\n'
16,0,motorcycleblue,b' \n\n'
17,1,motorcycleblue,b' \n\n'
18,1,motorcycleorange,b' \n\n'
19,3,motorcycleblue,b' \n\n'
20,3,carblue,b' \n\n'
21,5,motorcycleblue,b' \n\n'
22,6,carblue,b' \n\n'
23,6,carblue,b' \n\n'
24,6,motorcyclewhite,b' \n\n'
25,7,motorcycleblue,b' \n\n'
26,7,motorcycleblue,b' \n\n'
27,9,carblue,b' \n\n'
28,10,carwhite,b' \n\n'
29,11,motorcycleblue,b' \n\n'
30,11,carblue,b' \n\n'
31,15,carorange,b' \n\n'
32,16,carwhite,b' \n\n'
33,17,carorange,b'N\ne. \n\n \n\n'
34,18,motorcyclewhite,b'N\ne. \n\n \n\n'
35,19,carwhite,b'\\\ne. \n\n \n\n'
36,19,truckorange,b'\\\ne. \n\n \n\n'
37,21,carblue,b' \n\n'
38,21,carwhite,b' \n\n'
39,22,truckorange,b' \n\n'
40,26,carblue,b' \n\n'
41,28,busblue,b' \n\n'
42,31,motorcyclewhite,b' \n\n'
43,32,motorcyclewhite,b' \n\n'
44,32,busblue,b' \n\n'
45,34,busblue,b' \n\n'
46,34,carwhite,b' \n\n'
47,36,busblue,b' \n\n'
48,37,truckwhite,b' \n\n'
49,37,busblue,b' \n\n'
50,43,motorcyclewhite,b' \n\n'
51,45,busblue,b' \n\n'
52,45,truckwhite,b' \n\n'
53,46,motorcyclewhite,b''
54,46,carwhite,b''
55,48,motorcyclewhite,b' \n\n'
56,48,carwhite,b' \n\n'
57,49,truckwhite,b''
58,50,motorcyclewhite,b''
59,51,buswhite,b''
60,53,truckwhite,b''
61,58,carwhite,b''
62,64,truckwhite,b''
63,66,carblue,b' \n\n'
64,71,motorcycleblue,b''
65,73,motorcycleblue,b' \n\n'
66,75,truckblue,b' \n\n'
67,86,motorcycleblue,b' \n\n'
68,90,motorcycleblue,b' \n\n'
69,91,carred,b' \n\n'
70,92,motorcycleblue,b' \n\n'
71,92,truckgreen,b' \n\n'
72,98,truckwhite,b' \n\n'
73,98,truckblue,b' \n\n'
74,99,motorcycleblue,b' \n\n'
75,101,motorcyclewhite,b' \n\n'
76,104,motorcycleorange,b' \n\n'
77,104,motorcyclewhite,b' \n\n'
78,112,busorange,b' \n\n'
79,113,truckwhite,b' \n\n'
80,113,carwhite,b' \n\n'
81,116,truckblue,b' \n\n'
82,116,carblue,b' \n\n'
83,116,truckwhite,b' \n\n'
84,118,truckwhite,b' \n\n'
85,119,motorcycleblue,b' \n\n'
86,121,motorcycleblue,b' \n\n'
87,123,motorcycleblue,"b' \n\n0\xef\xac\x81%\\\\M.~i4\xe2\x80\x99:\xe2\x80\x98: 1035-7""\n\n \n\n'"
88,123,carblue,"b' \n\n0\xef\xac\x81%\\\\M.~i4\xe2\x80\x99:\xe2\x80\x98: 1035-7""\n\n \n\n'"
89,127,carblue,b' \n\n'
90,129,truckblue,b' \n\n'
91,130,motorcyclewhite,b' \n\n'
92,131,busblue,b' \n\n'
93,131,motorcycleblue,b' \n\n'
94,132,truckblue,b' \n\n'
95,134,truckblue,b' \n\n'
96,135,carblue,b''
97,135,motorcyclewhite,b''
98,137,motorcyclewhite,b''
99,137,carblue,b''
100,139,motorcycleblue,b'\n\nE\n:~&1\xc2\xa7\xc2\xa7\nW3\nQLIS\n\n'
101,139,carblue,b'\n\nE\n:~&1\xc2\xa7\xc2\xa7\nW3\nQLIS\n\n'
102,142,motorcycleblue,b''
103,145,carblue,b''
104,147,carwhite,b' \n\n'
105,150,motorcycleblue,b''
106,155,motorcyclewhite,b' \n\n'
107,158,motorcyclewhite,b''
108,161,motorcyclewhite,b''
109,162,carwhite,b''
110,162,busred,b''
111,164,truckred,"b'.12:\'3.4\xc2\xa7.%E}:\':2.\'-\xe2\x80\x98.\xe2\x80\x98.WiIIEIE?=,/Z&i""\xe2\x80\x98*1,Er\n\n'"
112,169,motorcyclewhite,b' \n\n'
113,169,motorcycleblue,b' \n\n'
114,171,carwhite,b' \n\n'
115,174,carblue,b' \n\n'
116,175,motorcycleblue,b' \n\n'
117,176,carblue,b' \n\n'
118,180,truckwhite,b' \n\n'
119,183,carblue,b' \n\n'
120,184,motorcyclewhite,b' \n\n'
121,186,carred,b' \n\n'
122,196,motorcycleblue,b' \n\n'
123,196,motorcycleblue,b' \n\n'
124,196,carblue,b' \n\n'
125,198,carwhite,b' \n\n'
126,199,motorcycleblue,b' i\xef\xac\x82\xef\xac\x81i\xc3\xa9a\xc3\xa9g\xef\xac\x82\n\n'
127,199,motorcyclewhite,b' i\xef\xac\x82\xef\xac\x81i\xc3\xa9a\xc3\xa9g\xef\xac\x82\n\n'
128,201,motorcycleblue,b'L\xef\xac\x81iiii\xef\xac\x82\xef\xac\x82\xef\xac\x81\xef\xac\x81\xef\xac\x81aii\xef\xac\x81a \n\n'
129,202,truckwhite,b' \n\n'
130,204,motorcyclewhite,b'   \n\n'
131,204,truckwhite,b'   \n\n'
132,205,carwhite,b'   \n\n'
133,208,buswhite,b'   \n\n'
134,210,truckwhite,b' \n\n'
135,213,motorcycleblue,b'   \n\n'
136,213,carblue,b'   \n\n'
137,213,buswhite,b'   \n\n'
138,215,truckwhite,b' \n\n'
139,217,carwhite,b' \n\n'
140,218,carblue,b' \n\n'
141,219,motorcyclewhite,b' \n\n'
142,234,carwhite,b' \n\n'
143,235,truckwhite,b'   \n\n'
144,236,truckwhite,b'   \n\n'
145,238,motorcyclewhite,b'   \n\n'
146,240,carwhite,b' \n\n'
147,240,carblue,b' \n\n'
148,241,busblue,b' \n\n'
149,241,truckblue,b' \n\n'
150,241,motorcyclewhite,b' \n\n'
151,244,carwhite,"b'LEE33?Z"".\'l9\xef\xac\x813..l.-.\xe2\x80\x98.\'.4\xe2\x80\x99:\xe2\x80\x99: \\\'33E_\xef\xac\x81\n\n \n\n'"
152,245,motorcycleblue,"b'LEE3i%TZ"".9\xef\xac\x813..R-.\xc2\xa3L4\xe2\x80\x99:\xe2\x80\x99: \\\'33E_%!:\'l\n\n'"
153,247,carwhite,b' \n\n'
154,251,buswhite,b'\\g\n\n \n\n'
155,253,motorcyclewhite,b'\\g\n\n \n\n'
156,256,motorcyclewhite,b' \n\n'
157,256,motorcyclered,b' \n\n'
158,256,busblue,b' \n\n'
159,256,truckorange,b' \n\n'
160,257,motorcyclewhite,b' \n\n'
161,258,motorcyclewhite,b' \n\n'
162,258,motorcyclewhite,b' \n\n'
163,259,motorcyclewhite,b' \n\n'
164,260,motorcycleblue,b' \n\n'
165,261,motorcycleblue,b' \n\n'
166,263,motorcycleblue,b' \n\n'
167,264,busorange,b' \n\n'
168,264,carblue,b' \n\n'
169,265,carred,b''
170,268,carwhite,b''
171,270,motorcycleblue,"b"".$\xe2\x80\x98;1f?Z0\xef\xac\x81?\xc2\xab'LVi4\xe2\x80\x99:\xe2\x80\x99: \n\n"""
172,270,carwhite,"b"".$\xe2\x80\x98;1f?Z0\xef\xac\x81?\xc2\xab'LVi4\xe2\x80\x99:\xe2\x80\x99: \n\n"""
173,271,carblue,b' \n\n'
174,275,motorcyclewhite,b' \n\n'
175,276,carwhite,b' \n\n'
176,278,motorcyclewhite,b' \n\n'
177,278,motorcyclewhite,b' \n\n'
178,278,carblue,b' \n\n'
179,280,motorcyclewhite,b' \n\n'
180,282,carwhite,b' \n\n'
181,282,motorcyclewhite,b' \n\n'
182,284,motorcyclewhite,b' \n\n'
183,284,motorcyclewhite,b' \n\n'
184,288,buswhite,b' \n\n'
185,289,carwhite,b''
186,292,carwhite,b''
187,299,motorcyclewhite,b' \n\n'
188,300,motorcyclered,"b'"".24\n\n..E\xc2\xb0.3~ .Z\xc2\xa3|\xef\xac\x81\xc2\xa7LV\xe2\x80\x99.\xe2\x80\x98.4\xe2\x80\x99:\xe2\x80\x99: \n\n'"
189,305,carwhite,"b""..E\xc2\xa7\xc2\xa31 .Z!5'\xef\xac\x81?~\xc2\xabH\xe2\x80\x99:\xe2\x80\x99: \n\n"""
190,306,motorcyclewhite,"b""3% .Z\xc2\xa7'\xef\xac\x81ZM4\xe2\x80\x99:\xe2\x80\x99: \n\n"""
191,307,motorcyclewhite,"b"".E\xc2\xb0.\xc2\xa31 .Z,\xc2\xa25'ii.+'.\xe2\x80\x99~M4\xe2\x80\x99:\xe2\x80\x99: \n\n"""
192,308,carred,"b"".E\xc2\xb0.Z.1 .ZI5'\xef\xac\x81.3-4L\xe2\x80\x99i4\xe2\x80\x99:\xe2\x80\x99: \n\n"""
193,308,motorcycleblue,"b"".E\xc2\xb0.Z.1 .ZI5'\xef\xac\x81.3-4L\xe2\x80\x99i4\xe2\x80\x99:\xe2\x80\x99: \n\n"""
194,310,truckwhite,"b""$93 .ZI5'\xef\xac\x81.3-\xc2\xa2H\xe2\x80\x99:\xe2\x80\x98: \n\n"""
195,311,motorcyclegreen,"b'E23. <Z,0\xef\xac\x82@\xe2\x80\x9c;:\xe2\x80\x98\xc2\xa7: \n\n'"
196,312,carwhite,"b""E23. \xc2\xa2Z,l5'i:l.ZJ.'Z4\xe2\x80\x99:\xe2\x80\x98: \n\n"""
197,312,motorcyclered,"b""E23. \xc2\xa2Z,l5'i:l.ZJ.'Z4\xe2\x80\x99:\xe2\x80\x98: \n\n"""
198,313,motorcyclegreen,"b""E23. (Z,lf'\xef\xac\x81:.13J\xc2\xa7'l4\xe2\x80\x99:\xe2\x80\x98: \n\n"""
199,313,truckwhite,"b""E23. (Z,lf'\xef\xac\x81:.13J\xc2\xa7'l4\xe2\x80\x99:\xe2\x80\x98: \n\n"""
200,315,carwhite,b''
201,316,carblue,"b"". '_a<\n\nE93 .Z,0\xef\xac\x81,'4-'.L'l4\xe2\x80\x99:\xe2\x80\x98: \n\n"""
202,317,motorcycleblue,"b'.EEI:1\'f?Z,0\xef\xac\x81.,Z\'\xc2\xabL\'l4\xe2\x80\x99:\xe2\x80\x98: ""\\\n\n'"
203,318,carblue,b''
204,319,carblue,b''
205,321,carwhite,b''
206,321,motorcycleblue,b''
207,321,carblue,b''
208,322,motorcyclewhite,b''
209,324,busblue,b''
210,324,carwhite,b''
211,326,motorcycleblue,b''
212,327,motorcycleblue,b''
213,327,carblue,b''
214,328,busblue,b' \n\n'
215,328,carwhite,b' \n\n'
216,330,motorcycleblue,b' \n\n'
217,333,motorcycleblue,b''
218,337,motorcyclewhite,b''
219,338,carblue,b''
220,339,busblue,b''
221,340,carwhite,b''
222,341,carwhite,b''
223,344,motorcyclewhite,b' \n\n'
224,345,motorcyclewhite,b''
225,348,motorcycleblue,b' \n\n'
226,350,motorcyclewhite,b' \n\n'
227,353,motorcyclewhite,b' \n\n'
228,354,motorcycleyellow,b' \n\n'
229,354,motorcyclered,b' \n\n'
230,357,motorcyclered,b' \n\n'
231,357,motorcycleyellow,b' \n\n'
232,361,motorcyclewhite,"b'LEEEIt?E\xc2\xa79\xef\xac\x81,Z.\xe2\x80\x99\xc2\xab\\i\xc2\xa3iF:\xe2\x80\x99: \n\n'"
233,361,motorcycleblue,"b'LEEEIt?E\xc2\xa79\xef\xac\x81,Z.\xe2\x80\x99\xc2\xab\\i\xc2\xa3iF:\xe2\x80\x99: \n\n'"
234,361,motorcyclered,"b'LEEEIt?E\xc2\xa79\xef\xac\x81,Z.\xe2\x80\x99\xc2\xab\\i\xc2\xa3iF:\xe2\x80\x99: \n\n'"
235,361,truckblue,"b'LEEEIt?E\xc2\xa79\xef\xac\x81,Z.\xe2\x80\x99\xc2\xab\\i\xc2\xa3iF:\xe2\x80\x99: \n\n'"
236,362,motorcyclewhite,"b'LEEE;\'t?E\xc2\xa7=""\xef\xac\x81,Z.\xe2\x80\x99\xc2\xab\\1\xc2\xa3iF:\xe2\x80\x99: \n\n'"
237,363,motorcyclewhite,b''
238,367,motorcyclewhite,b''
239,371,motorcyclewhite,b' \n\n'
240,379,carblue,b' \n\n'
241,384,truckred,b' \n\n'
242,387,buswhite,b' \n\n'
243,389,motorcyclewhite,b' \n\n'
244,414,motorcycleblue,b''
245,421,truckwhite,b''
246,421,buswhite,b''
247,428,motorcyclewhite,b' \n\n'
248,428,motorcycleblue,b' \n\n'
249,428,carblue,b' \n\n'
250,430,motorcycleblue,b' \n\n'
251,431,truckwhite,b' \n\n'
252,431,motorcycleblue,b' \n\n'
253,431,motorcyclewhite,b' \n\n'
254,434,motorcycleblue,b' \n\n'
255,434,motorcyclewhite,b' \n\n'
256,437,motorcyclewhite,b''
257,439,motorcycleblue,b' \n\n'
258,440,motorcyclewhite,b' \n\n'
259,445,motorcyclewhite,"b"" '\\ '3\xe2\x80\x98.\n\n"""
260,448,motorcycleblue,"b""a_ggae.2mma; '\\0'.\xe2\x80\x9cIi\xc2\xa3\xc2\xa7::T-J.-\xe2\x80\x98.1\n\n"""
261,453,motorcyclewhite,b' \n\n'
262,455,truckwhite,b' \n\n'
263,456,truckwhite,b' \n\n'
264,456,motorcycleorange,b' \n\n'
265,457,motorcycleorange,b' \n\n'
266,458,motorcycleblue,b' \n\n'
267,461,carwhite,b' \n\n'
268,469,motorcycleblue,b' \n\n'
269,475,busorange,b' \n\n'
270,478,motorcycleblue,b' \n\n'
271,480,motorcyclewhite,b' \n\n\xe2\x80\x98 \n\n'
272,486,motorcyclewhite,b' \n\n'
273,487,carwhite,b' \n\n'
274,487,motorcycleblue,b' \n\n'
275,489,carwhite,b' \n\n'
276,489,motorcyclewhite,b' \n\n'
277,491,motorcycleorange,b' \n\n'
278,491,motorcyclewhite,b' \n\n'
279,493,truckwhite,b' \n\n'
280,494,motorcyclewhite,b' \n\n'
281,495,busblue,b' \n\n'
282,498,busblue,b' \n\n'
283,499,motorcycleblue,b' \n\n'
284,501,truckwhite,b' \n\n'
285,503,truckwhite,b' \n\n'
286,504,carblue,b' \n\n'
287,504,truckwhite,b' \n\n'
288,504,buswhite,b' \n\n'
289,507,motorcycleblue,b' \n\n'
290,507,carblue,b' \n\n'
291,508,truckwhite,b' \n\n'
292,512,motorcycleblue,b' \n\n'
293,513,motorcycleblue,b' \n\n'
294,515,carblue,b' \n\n'
295,518,motorcyclewhite,b' \n\n'
296,519,motorcyclered,b' \n\n'
297,522,motorcyclewhite,b' \n\n'
298,524,motorcyclewhite,b' \n\n'
299,534,motorcycleorange,b' \n\n'
300,535,carwhite,b' \n\n'
301,539,motorcycleorange,b'   \n\n'
302,540,motorcycleblue,b' \n\n'
303,540,carblue,b' \n\n'
304,541,motorcycleorange,b' \n\n'
305,542,motorcyclewhite,b' \n\n'
306,544,motorcycleblue,b'   \n\n'
307,545,carwhite,b'   \n\n'
308,545,truckorange,b'   \n\n'
309,546,motorcycleblue,b' \n\n'
310,547,carwhite,b'   \n\n'
311,548,motorcycleorange,b' \n\n'
312,549,motorcyclewhite,b' \n\n'
313,550,motorcycleblue,b' \n\n'
314,556,busblue,b' \n\n'
315,557,motorcyclewhite,b' \n\n'
316,558,carwhite,b' \n\n'
317,558,motorcyclewhite,b' \n\n'
318,559,motorcyclewhite,b' \n\n'
319,559,carwhite,b' \n\n'
320,560,carwhite,b' \n\n'
321,561,motorcycleblue,b' \n\n'
322,562,motorcyclewhite,b' \n\n'
323,562,motorcyclewhite,b' \n\n'
324,564,motorcyclewhite,b' \n\n'
325,565,motorcyclered,b' \n\n'
326,565,buswhite,b' \n\n'
327,567,motorcyclewhite,b'i.r21=s2\xc2\xa3e:2.cam.~::a-; xuazmam\n\n'
328,568,motorcycleblue,b'Lr21:s2\xc2\xa3e:2sam.::a-; mzmam\n\n'
329,570,motorcyclewhite,"b'i.m:\xc2\xa2e:2.om.\xc2\xbb::==~; \'\\0\xe2\x80\x99&1\xe2\x80\x98\xc2\xa7xE,T.""J\n\n'"
330,572,carblue,b'Lr2\\:e.1e:2sam.\xc2\xbbr=~; xsaz\xc2\xbb-mm\n\n'
331,573,carwhite,b'.r2\\:e.;:1e:2.oa2..r.m:==~; 1031*-@;1T\xc2\xa31\n\n'
332,574,buswhite,b' \n\n'
333,574,motorcycleblue,b' \n\n'
334,574,truckred,b' \n\n'
335,574,buswhite,b' \n\n'
336,574,motorcyclewhite,b' \n\n'
337,575,carwhite,b' \n\n'
338,576,motorcyclewhite,b' \n\n'
339,576,buswhite,b' \n\n'
340,576,carwhite,b' \n\n'
341,577,buswhite,b' \n\n'
342,578,carwhite,b' \n\n'
343,579,motorcyclewhite,"b' \n\n\xe2\x80\x98E-"",\'l5\'\xef\xac\x81Z.Al:.~\\\';A\xc2\xa7: l\xef\xac\x82iikgm\n\n'"
344,579,motorcycleblue,"b' \n\n\xe2\x80\x98E-"",\'l5\'\xef\xac\x81Z.Al:.~\\\';A\xc2\xa7: l\xef\xac\x82iikgm\n\n'"
345,580,motorcyclewhite,"b' \n\n\xe2\x80\x98E-"",\'l5\'\xef\xac\x81ZT.AlA.~\\\';A\xc2\xa7: l\xef\xac\x82iikqm\n\n'"
346,580,buswhite,"b' \n\n\xe2\x80\x98E-"",\'l5\'\xef\xac\x81ZT.AlA.~\\\';A\xc2\xa7: l\xef\xac\x82iikqm\n\n'"
347,583,buswhite,b' \n\n'
348,583,truckorange,b' \n\n'
349,587,truckorange,b' \n\n'
350,589,motorcycleblue,b' \n\n'
351,590,buswhite,b' \n\n'
352,603,motorcycleblue,b' \n\n'
353,603,busblue,b' \n\n'
354,603,motorcycleblue,b' \n\n'
355,604,motorcycleorange,b' \n\n'
356,606,busblue,b' \n\n'
357,607,motorcycleblue,b' \n\n'
358,607,carwhite,b' \n\n'
359,607,motorcycleblue,b' \n\n'
360,608,motorcyclewhite,b' \n\n'
361,608,motorcycleorange,b' \n\n'
362,609,carwhite,"b"".$E\xc2\xa3I\xe2\x80\x99:fE0\xef\xac\x81Z.'e!..?.4\xe2\x80\x99:\xe2\x80\x98: \\ !!\n\n"""
363,609,motorcycleblue,"b"".$E\xc2\xa3I\xe2\x80\x99:fE0\xef\xac\x81Z.'e!..?.4\xe2\x80\x99:\xe2\x80\x98: \\ !!\n\n"""
364,610,motorcyclewhite,"b"".$EEI\xe2\x80\x99:fE0\xef\xac\x81Z~'vLi4\xe2\x80\x99:\xe2\x80\x98: \\ F'\n\n"""
365,611,motorcyclered,b' !\n\n'
366,612,motorcycleblue,b''
367,613,truckwhite,b' \n\nIEI%\xe2\x80\x98Li!\n\n'
368,617,motorcyclewhite,b''
369,617,carwhite,b''
370,621,motorcyclewhite,b' \n\n'
371,621,motorcyclewhite,b' \n\n'
372,621,motorcycleblue,b' \n\n'
373,622,motorcyclewhite,b' \n\n'
374,624,motorcyclewhite,b' \n\n'
375,625,motorcycleblue,b' \n\n'
376,627,motorcyclewhite,b' \n\n'
377,628,carred,b' \n\n'
378,629,motorcycleblue,b' \n\n'
379,631,motorcycleblue,b' \n\n'
380,632,motorcyclewhite,b' \n\n'
381,634,carblue,b' \n\n'
382,634,motorcycleblue,b' \n\n'
383,636,carwhite,b' \n\n'
384,638,carwhite,b' \n\n'
385,638,motorcyclewhite,b' \n\n'
386,640,busblue,b''
387,640,busblue,b''
388,643,carwhite,b''
389,645,motorcyclered,b'_E:aazoa.z.2L.:\xc2\xaba; xuamdmz\n\n'
390,647,carblue,b' \n\n'
391,648,buswhite,b' \n\n'
392,648,motorcyclered,b' \n\n'
393,649,carwhite,b'_E:mazoa3M\xc2\xaba; xaazamz\n\n'
394,651,motorcyclewhite,b' \n\n'
395,652,carwhite,b' \n\n'
396,653,motorcyclewhite,b' \n\n'
397,653,motorcyclewhite,b' \n\n'
398,655,busorange,b' \n\n'
399,656,carblue,b' \n\n'
400,659,carwhite,b'_ma;1a..z9m;:\xc2\xaba: xwzigga\n\n'
401,661,carwhite,b' \n\n'
402,661,motorcyclewhite,b' \n\n'
403,661,motorcyclewhite,b' \n\n'
404,661,carwhite,b' \n\n'
405,664,carwhite,b'_ma;\xc2\xa3e...29m;:\xc2\xaba: xu\xef\xac\x82rmsa\n\n'
406,666,motorcycleblue,b'_E:\xc2\xa71a29m;:\xc2\xaba: xu\xef\xac\x81rmsa\n\n'
407,669,motorcycleblue,b'\xe2\x80\x98bi\xe2\x80\x99: \\ \xc2\xa3E\n\n'
408,671,motorcycleblue,b' \n\n'
409,673,motorcycleblue,b''
410,674,motorcyclewhite,b''
411,675,carwhite,b''
412,676,carwhite,b' \n\n'
413,678,carwhite,b' \n\n'
414,680,motorcyclegreen,b' \n\n'
415,680,motorcyclewhite,b' \n\n'
416,681,carblue,b' \n\n'
417,681,carwhite,b' \n\n'
418,684,motorcyclewhite,b' \n\n'
419,685,carwhite,b' \n\n'
420,686,motorcyclewhite,b' \n\n'
421,687,motorcyclewhite,b' \n\n'
422,687,carwhite,b' \n\n'
423,688,carwhite,b' \n\n'
424,689,motorcyclewhite,b' \n\n'
425,690,carwhite,b' \n\n'
426,694,carwhite,b' \n\n'
427,700,motorcycleblue,b' \n\n'
428,702,motorcycleblue,b' \n\n'
429,704,motorcycleblue,b' \n\n'
430,704,motorcycleblue,b' \n\n'
431,710,truckwhite,b' \n\n'
432,715,carwhite,b' \n\n'
433,718,carwhite,b' \n\n'
434,720,motorcyclewhite,b' \n\n'
435,721,motorcycleblue,b' \n\n'
436,725,motorcycleblue,b' \n\n'
437,727,motorcyclewhite,b' \n\n'
438,728,motorcycleblue,b' \n\n'
439,730,motorcycleblue,b' \n\n'
440,731,motorcycleblue,b' \n\n'
441,734,motorcycleblue,b' \n\n'
442,734,motorcycleblue,b' \n\n'
443,734,motorcycleblue,b' \n\n'
444,736,motorcycleblue,b' \n\n'
445,737,carwhite,"b"".E:aa;e:2oea3.aV4:\xc2\xaba; '\\'?I3E@;\xc2\xa31.-1\n\n"""
446,740,motorcycleblue,"b""E.EEI:\xc2\xa5;%\xe2\x82\xacZ\xe2\x80\x98!5'fili?.-W.ii4\xe2\x80\x99:\xe2\x80\x98: '\\'?I31\xe2\x80\x98\xef\xac\x82m1E\n\n"""
447,746,motorcycleblue,b'.EEE;I%?20?\xef\xac\x81a.Z.Li\xc2\xab\xc2\xa7: xaziazgwa\n\n'
448,748,motorcyclewhite,"b'.E:e\xc2\xa21e:2o2ua3.a,;:\xc2\xaba; xaziazgwa\n\n'"
449,754,motorcycleblue,"b'i.EEE\xe2\x80\x98:$2\xc2\xa7)\xc2\xa7g,L\n\nI\n\n*3: l\xef\xac\x81\xef\xac\x81idgggrg\n\n'"
450,758,motorcycleblue,"b'.Ea\xc2\xa71a:z,om;-:\xc2\xaba= xexm\xef\xac\x81aja\n\n'"
451,770,motorcycleblue,"b'i.EE34*?2\xc2\xa7:""\xc2\xa7Zz\'.\xc2\xab?Lsi4\xe2\x80\x99:\xe2\x80\x98: \'\\\'33\xef\xac\x82JSLTi\n\n'"
452,775,truckwhite,b''
453,777,busred,b''
454,779,motorcycleblack,b''
455,780,motorcyclered,b''
456,781,motorcycleblack,b''
457,785,truckwhite,"b'.EEE\'-V\xc2\xa3E\xc2\xa75\'?\xef\xac\x81:7:\xc2\xab\xe2\x80\x99.%.A.7f.\xc2\xab\xe2\x80\x99:"": l\xef\xac\x82\xef\xac\x81\xef\xac\x82\xef\xac\x81al\xef\xac\x82\n\n'"
458,787,carblue,b''
459,794,carblue,b' \n\n'
460,797,motorcycleblue,b' \n\n'
461,798,carred,b' \n\n'
462,811,carred,"b'LE\xe2\x80\x9c*:.E""fE2,()g_;_\xc2\xa2,(,.g.\xc2\xa7.A\n\nh\n\n\xe2\x80\x98E\xe2\x80\x99: \'\\\'3I3\'14\xef\xac\x82&\xe2\x80\x98.\xe2\x80\x98J\xc2\xa3i\n\n'"
463,814,carred,b' \n\n'
464,815,truckorange,b' \n\n'
465,818,motorcyclered,b' \n\n'
466,818,motorcycleblue,b' \n\n'
467,819,truckwhite,b' \n\n'
468,820,carwhite,b' \n\n'
469,823,truckorange,b' \n\n'
470,825,carwhite,b' \n\n'
471,826,truckwhite,b' \n\n'
472,831,carwhite,b' \n\n'
473,831,carblue,b' \n\n'
474,831,buswhite,b' \n\n'
475,832,carwhite,b' \n\n'
476,833,buswhite,b' \n\n'
477,834,truckwhite,b' \n\n'
478,835,carblue,b' \n\n'
479,836,buswhite,b' \n\n'
480,844,carwhite,b'   \n\n'
481,846,carwhite,b' \n\n'
482,848,motorcycleblue,b' \n\n'
483,848,carwhite,b' \n\n'
484,849,carwhite,b' \n\n'
485,854,motorcycleblue,b' \n\n'
486,855,motorcycleblue,b' \n\n'
487,858,carwhite,b' \n\niia\xef\xac\x81\xef\xac\x81\xef\xac\x82\xc3\xa9l\n\n'
488,860,truckorange,b' \n\n'
489,860,motorcycleblue,b' \n\n'
490,865,motorcycleblue,b' \n\n'
491,868,carwhite,b' \n\n'
492,868,motorcyclewhite,b' \n\n'
493,868,motorcyclered,b' \n\n'
494,870,carwhite,b' \n\n'
495,872,motorcycleorange,b' \n\n'
496,873,cargreen,b' \n\n'
497,874,carwhite,b' \n\n'
498,875,motorcycleblue,b' \n\n'
499,876,motorcycleblue,b' \n\n'
500,877,truckorange,b' \n\n'
501,879,motorcycleorange,b' \n\n'
502,881,motorcycleblue,b' \n\n'
503,884,truckwhite,b' \n\n'
504,885,busorange,b' \n\n'
505,885,motorcyclewhite,b' \n\n'
506,885,carwhite,b' \n\n'
507,885,truckorange,b' \n\n'
508,885,motorcycleblue,b' \n\n'
509,887,carblue,b' \n\n'
510,887,motorcycleblue,b' \n\n'
511,888,motorcycleorange,b' \n\n'
512,891,carwhite,b''
513,891,carwhite,b''
514,893,motorcycleblue,b''
515,893,motorcycleblue,b''
516,897,truckorange,b''
517,899,truckorange,b''
518,904,carwhite,b' \n\n'
519,907,carwhite,b' \n\n'
520,910,motorcycleblue,b' \n\n'
521,910,carorange,b' \n\n'
522,912,truckorange,b''
523,912,carwhite,b''
524,917,carwhite,b''
525,918,carwhite,"b'LEE.\xc2\xab.\'5\xc2\xa7\'ff3!15\'\xef\xac\x81Z.-K.""\n\nI\n\n4?: li\xef\xac\x82\xef\xac\x82\xef\xac\x81\xef\xac\x82\n\n'"
526,920,carwhite,b' \n\n'
527,920,motorcycleblue,b' \n\n'
528,922,carred,b' \n\n'
529,925,motorcycleblue,b''
530,925,carred,b''
531,933,carblue,b''
532,934,motorcycleblue,b''
533,938,motorcyclered,b''
534,942,carblue,b'\n\nI\n\nE\xe2\x80\x98: L1 \xef\xac\x82\n\n'
535,946,motorcyclewhite,b''
536,948,truckwhite,b''
537,949,truckwhite,b'\n\nI\n\n\xe2\x80\x98E\xe2\x80\x99: \xe2\x80\x98\\ \xef\xac\x82\n\n'
538,950,motorcyclewhite,b''
539,955,motorcyclewhite,b''
540,957,busred,b''
541,959,truckred,b'\n\nI\n\n4?: L\\ \xc2\xa3\n\n'
542,962,busred,b''
543,966,truckred,b'LEEZIJEEQEZVK.\xe2\x80\x98\n\nI\n\nFa\xe2\x80\x99: \\ \xc2\xa3\n\n'
544,967,motorcycleorange,"b""LEE3i'f3.'35'\xef\xac\x81I.\xe2\x80\x99.'.~L*\n\nI\n\nE\xe2\x80\x98: L\\ \xc2\xa3\n\n"""
545,968,motorcycleblue,"b""LE\xe2\x80\x98;3i':fE!I5'\xef\xac\x813fq'vB..~ \\\n\nI\n\n4%\xe2\x80\x99: \xe2\x80\x98\\ \xc2\xa3\n\n"""
546,969,truckorange,b'L\xef\xac\x81i\xef\xac\x81ii\xef\xac\x81\xef\xac\x82\xef\xac\x81\xef\xac\x81vle \xe2\x80\x98\n\nI\n\n4%\xe2\x80\x99: \xe2\x80\x98\\ \xc2\xa3\n\n'
547,973,truckorange,b' \n\n'
548,974,motorcycleblue,b' \n\n'
549,975,carwhite,b' \n\n'
550,980,motorcycleorange,b' \n\n'
551,982,motorcyclewhite,b' \n\n'
552,982,motorcycleorange,b' \n\n'
553,985,carwhite,b' \n\n'
554,992,motorcycleblack,b' \n\n'
555,993,busorange,b' \n\n'
556,995,truckorange,b' \n\n'
557,997,truckwhite,b' \n\n'
558,1002,truckwhite,b''
559,1002,motorcycleblue,b''
560,1005,truckwhite,b''
561,1005,busorange,b''
562,1006,buswhite,"b'E\xc2\xa7\xc2\xa7~""??Z9\xc2\xa3,zvM.\xe2\x80\x98:=\xe2\x80\x99A \\ \xef\xac\x82\n\n'"
563,1007,carwhite,b' \n\n'
564,1009,truckwhite,"b""LE\xc2\xb0;2ii':?Z!I5'\xef\xac\x81,.Z.-L\xe2\x80\x99i.A\xe2\x80\x99:\xe2\x80\x99: \\ \xef\xac\x82\n\n"""
565,1015,truckblue,b''
566,1021,motorcyclered,b''
567,1024,truckblue,b''
568,1025,truckblue,b''
569,1028,truckgreen,b''
570,1028,busgreen,b''
571,1031,busgreen,b' \n\n'
572,1034,busgreen,b''
573,1035,truckred,b''
574,1035,truckwhite,b''
575,1035,busred,b''
576,1038,truckwhite,b' \n\n'
577,1038,busgreen,b' \n\n'
578,1038,carwhite,b' \n\n'
579,1039,busred,b' \n\n'
580,1039,truckred,b' \n\n'
581,1040,busgreen,b' \n\n'
582,1042,busred,b' \n\n'
583,1044,busorange,b' \n\n'
584,1046,motorcycleorange,b' \n\n'
585,1047,truckwhite,b' \n\n'
586,1048,motorcycleorange,b' \n\n'
587,1050,buswhite,b'\xe2\x80\x94E\xe2\x80\x98H\xe2\x80\x98;$47f2!9\xef\xac\x81Zul1.E\xc2\xab\xe2\x80\x99:\xe2\x80\x99: \\o3awr-\n\n'
588,1051,truckwhite,b''
589,1052,motorcycleblue,b'.E==;:a%:2oaz.m-\xc2\xabaa 10324:\xc2\xbb-\n\n'
590,1058,busorange,b''
591,1058,motorcyclegreen,b''
592,1062,busorange,b''
593,1067,busblue,b' \n\n'
594,1069,busblue,b' \n\n'
595,1072,busblue,b' \n\n'
596,1073,buswhite,b' \n\n'
597,1074,carwhite,"b'LEE\xc2\xa2.\xe2\x80\x98:l;T-.\xe2\x80\x98?:\xe2\x80\x98""a\'!I5\'\xef\xac\x81s\'.4.Li\xe2\x80\x98;4\xe2\x80\x99:\xe2\x80\x99: \n\n'"
598,1075,truckorange,b' \n\n'
599,1079,carwhite,"b""LEE,E;Tf?\xc3\xa9?a\xc2\xa75'\xc2\xa7s?\xc2\xab.LE4\xe2\x80\x99:\xe2\x80\x99: \n\n \n\n"""
600,1082,carblue,b''
601,1083,carblue,b' \n\n'
602,1083,carwhite,b' \n\n'
603,1086,carblue,b' \n\n'
604,1088,motorcycleblue,b' \n\n'
605,1091,motorcycleblue,b' \n\n'
606,1100,busblue,b''
607,1102,motorcyclewhite,b' \n\n'
608,1103,carwhite,b' \n\n'
609,1104,motorcyclewhite,b''
610,1105,carblue,b''
611,1106,motorcyclewhite,b''
612,1110,motorcyclewhite,b''
613,1110,carblue,b''
614,1111,busblue,b''
615,1113,carwhite,b''
616,1114,motorcyclewhite,b''
617,1114,carwhite,b''
618,1118,motorcyclered,b''
619,1118,busblue,b''
620,1122,carblue,b''
621,1126,carblue,b''
622,1131,carblue,b''
623,1131,motorcyclewhite,b''
624,1131,carblue,b''
625,1134,carwhite,b''
626,1139,carwhite,b''
627,1147,carwhite,b' IEIEEMJEJ\n\n'
628,1148,carred,b''
629,1152,motorcyclewhite,b''
630,1152,carblue,b''
631,1152,carwhite,b''
632,1153,carwhite,b''
633,1153,carwhite,b''
634,1155,carblue,b''
635,1156,motorcyclewhite,b' \n\n'
636,1162,carwhite,"b'\\Q,\n\n4\xc2\xa7\xc2\xa7 \xe2\x80\x98\n\xe2\x80\x9cI3\n. Rm\n\n'"
637,1163,truckwhite,"b'$33 =Z\xc2\xa7\'\xc2\xa7ZelH.*\xe2\x80\x99:\xe2\x80\x99: \xe2\x80\x99\\\'3I3\xc2\xa3\xe2\x80\x98E"";.,""\xc2\xa7!1\n\n'"
638,1166,carwhite,"b'$33 Z\xc2\xa75\xef\xac\x81Z.al\\.i4*:\xe2\x80\x98: \xe2\x80\x99\\\'3I3\'\xc2\xa3\xe2\x80\x98E"";.,""\xc2\xa7!1\n\n'"
639,1168,truckwhite,"b'$33 E\xc2\xa75\xef\xac\x81Z.al\\.\xe2\x80\x9cE4\xe2\x80\x99:\xe2\x80\x98: \xe2\x80\x99\\\'3I3\'1\xe2\x80\x98E"";.,""\xc2\xa7!1\n\n'"
640,1169,carwhite,"b'$33 E\xc2\xa75\xef\xac\x81;?.al\\.\xe2\x80\x9ci4\xe2\x80\x99:\xe2\x80\x98: \xe2\x80\x99l\'3I31\xe2\x80\x98E"";.,""\xc2\xa7!1\n\n'"
641,1173,carwhite,"b'EM .E\xc2\xa7=""\xef\xac\x81ZeLf.4\xe2\x80\x99:\xe2\x80\x99: \xe2\x80\x99l\'3I3i3@""m"".!1\n\n'"
642,1175,carwhite,"b'EM ..Z\xc2\xa7=""\xef\xac\x81ZeLf.*\xe2\x80\x99:\xe2\x80\x99: \n\n'"
643,1182,motorcycleblue,"b""LE\xc2\xa71'iZ\xef\xac\x82EZel!\xc2\xa3i*\xc2\xa7: \\EI.3\xc2\xa31@'m-\xe2\x80\x98.91\n\n"""
644,1184,motorcycleblue,"b'L$\xc2\xb0.7\xc2\xab\xe2\x80\x98.,5;\':\xe2\x80\x9dg\xe2\x80\x9c\xc3\xa9"",l=""E\xc2\xa5\xe2\x80\x99T-ull;\'l*\xe2\x80\x99:\xe2\x80\x98: \xe2\x80\x98\\\n\n'"
645,1189,motorcycleblue,b''
646,1190,carblue,b''
647,1190,carwhite,b''
648,1193,carwhite,b' \n\n'
649,1194,motorcycleblue,b'   \n\n'
650,1203,motorcycleblue,b' \n\n'
651,1209,carwhite,b' \n\n'
652,1219,motorcycleblue,b' \n\n'
653,1222,carblue,b' \n\n'
654,1234,motorcyclered,b'\xe2\x80\x98-EE%\xc3\xa9I%:29az.L~\n\n\xe2\x80\x98E\xe2\x80\x99: l\xef\xac\x81\xef\xac\x81\xef\xac\x82uggwag\n\n'
655,1236,carwhite,b' \n\n'
656,1238,motorcyclered,b' \n\n'
657,1240,motorcycleblue,"b""LE\xc2\xa7E\xc2\xa5:Z\xe2\x80\x99:!9\xc2\xa7%\\\\\n\nH.\n\nE\xe2\x80\x98: '\\ \n\n"""
658,1243,motorcycleblue,"b""LE\xc2\xa7Ef3\xc2\xa79\xc2\xa7s?\xc2\xbbT.\\\\.\n\nI\n\n*3: '\\'37?fi4'\xef\xac\x81f-.,\xe2\x80\x9c3\n\n"""
659,1244,motorcycleblue,b'L\xef\xac\x81ii\xc3\xa9i\xef\xac\x81zsmu.\n\n\xe2\x80\x98*3: lfifitdaagi-\xc2\xa33113\n\n'
660,1246,motorcycleblue,"b'LEEEE\xe2\x80\x98?-"",1=""\xc2\xa7Z.\\\\.\xe2\x80\x98E<\xe2\x80\x99:\xe2\x80\x99: \'\\U$\xef\xac\x82Ezf-\xc2\xa354\n\n'"
661,1249,motorcyclewhite,b' \n\n'
662,1249,motorcycleblue,b' \n\n'
663,1249,carwhite,b' \n\n'
664,1257,buswhite,b' \n\n'
665,1260,carwhite,b' \n\n'
666,1260,carblue,b' \n\n'
667,1260,motorcycleblue,b' \n\n'
668,1261,motorcycleblue,b' \n\n'
669,1263,motorcycleblue,b' \n\n'
670,1265,motorcyclewhite,b' \n\n'
671,1266,carwhite,b' \n\n'
672,1270,carwhite,b' \n\n'
673,1271,carred,b' \n\n'
674,1272,motorcycleblue,b' \n\n'
675,1272,carwhite,b' \n\n'
676,1273,busorange,b' \n\n'
677,1273,buswhite,b' \n\n'
678,1274,motorcycleblue,b' \n\n'
679,1275,motorcycleblue,b' \n\n'
680,1276,carwhite,b' \n\n'
681,1276,truckwhite,b' \n\n'
682,1277,buswhite,b' \n\n'
683,1278,busorange,b' \n\n'
684,1278,carwhite,b' \n\n'
685,1290,motorcyclewhite,b' \n\n'
686,1296,motorcyclewhite,b' \n\n'
687,1296,carwhite,b' \n\n'
688,1299,buswhite,b' \n\n'
689,1301,motorcycleblue,b' \n\n'
690,1305,motorcycleblue,b''
691,1305,carwhite,b''
692,1310,buswhite,b' \n\n'
693,1311,motorcyclewhite,b''
694,1317,motorcyclewhite,b' \n\n'
695,1320,carwhite,b' \n\n'
696,1322,motorcyclewhite,b' \n\n'
697,1323,truckwhite,b' \n\n'
698,1323,buswhite,b' \n\n'
699,1323,truckwhite,b' \n\n'
700,1325,motorcycleblue,b' \n\n'
701,1326,motorcycleblue,b' \n\n'
702,1328,truckblue,b' \n\n'
703,1333,motorcyclewhite,b' \n\n'
704,1333,motorcycleblue,b' \n\n'
705,1334,motorcyclewhite,b' \n\n'
706,1337,motorcyclewhite,b' \n\n'
707,1340,motorcyclewhite,b' \n\n'
708,1340,motorcyclewhite,b' \n\n'
709,1342,motorcyclewhite,b' \n\n'
710,1343,motorcycleblue,b' \n\n'
711,1345,motorcyclewhite,b' \n\n'
712,1345,motorcycleblue,b' \n\n'
713,1348,motorcyclewhite,b' \n\n'
714,1350,motorcyclewhite,b' \n\n'
715,1352,motorcycleblue,b' \n\n'
716,1352,motorcyclered,b' \n\n'
717,1357,motorcyclewhite,b' \n\n'
718,1358,carblue,b' \n\n'
719,1358,buswhite,b' \n\n'
720,1360,carwhite,b' \n\n'
721,1360,truckwhite,b' \n\n'
722,1360,motorcycleblue,b' \n\n'
723,1362,motorcycleblue,b' \n\n'
724,1364,motorcyclewhite,b' \n\n'
725,1366,motorcycleblue,b' \n\n'
726,1369,motorcyclewhite,b' \n\n'
727,1370,truckwhite,b' \n\n'
728,1373,buswhite,b' \n\n'
729,1373,truckwhite,b' \n\n'
730,1374,truckwhite,b' \n\n'
731,1381,busblue,b' \n\n'
732,1382,carwhite,"b""i_EE\xc2\xa7i'\xef\xac\x81Z0\xef\xac\x81s3\xc2\xbbL3\xe2\x80\x98?.4\xe2\x80\x99:\xe2\x80\x99: '\\'33i\xe2\x80\x98E.\xe2\x80\x98-Iii\n\n"""
733,1389,motorcyclered,b' \n\n'
734,1390,motorcycleblue,b' \n\n'
735,1397,motorcyclewhite,b''
736,1401,motorcycleblue,b' \n\n'
737,1402,busorange,b' \n\n'
738,1404,busorange,b' \n\n'
739,1406,carwhite,b'\n\n\xe2\x80\x98E\xe2\x80\x99: \\ \xef\xac\x82\n\n'
740,1406,truckwhite,b'\n\n\xe2\x80\x98E\xe2\x80\x99: \\ \xef\xac\x82\n\n'
741,1407,busorange,"b""L\xef\xac\x81E34':\xe2\x82\xacE9\xef\xac\x81Z.iLi4\xe2\x80\x99:\xe2\x80\x99: \\ \xef\xac\x82\n\n"""
742,1409,motorcyclewhite,"b""L\xef\xac\x81?.E4':\xe2\x80\x98-E,!5'\xef\xac\x81,Z.H.4\xe2\x80\x99:\xe2\x80\x99: \\ \xef\xac\x82\n\n"""
743,1410,busorange,b' \n\n'
744,1411,motorcycleblue,b'L\xef\xac\x81\xef\xac\x81\xef\xac\x81\xc3\xa9ii\xef\xac\x81\xef\xac\x82\xef\xac\x81gui\xc3\xa9ii\xef\xac\x81s \\ \xef\xac\x82\n\n'
745,1415,motorcycleblue,b'L\xef\xac\x81i\xef\xac\x81\xc3\xa9ii\xef\xac\x81\xef\xac\x82\xef\xac\x81gul\xc3\xa9ii\xef\xac\x81s \\ \xef\xac\x82\n\n'
746,1420,truckwhite,"b""L\xef\xac\x81iiti-E\xef\xac\x82\xef\xac\x81\xef\xac\x81ul\xc3\xa9ii\xef\xac\x81s '\\9.3i\xe2\x80\x98@\xef\xac\x81.=.i\n\n"""
747,1422,motorcycleblue,b'L\xef\xac\x81i\xef\xac\x81i\xef\xac\x81\xef\xac\x81\xef\xac\x82\xef\xac\x81\xef\xac\x81u\xef\xac\x81\xc3\xa9ii\xef\xac\x81a \\ \xef\xac\x82\n\n'
748,1422,motorcycleblue,b'L\xef\xac\x81i\xef\xac\x81i\xef\xac\x81\xef\xac\x81\xef\xac\x82\xef\xac\x81\xef\xac\x81u\xef\xac\x81\xc3\xa9ii\xef\xac\x81a \\ \xef\xac\x82\n\n'
749,1422,carwhite,b'L\xef\xac\x81i\xef\xac\x81i\xef\xac\x81\xef\xac\x81\xef\xac\x82\xef\xac\x81\xef\xac\x81u\xef\xac\x81\xc3\xa9ii\xef\xac\x81a \\ \xef\xac\x82\n\n'
750,1422,motorcyclewhite,b'L\xef\xac\x81i\xef\xac\x81i\xef\xac\x81\xef\xac\x81\xef\xac\x82\xef\xac\x81\xef\xac\x81u\xef\xac\x81\xc3\xa9ii\xef\xac\x81a \\ \xef\xac\x82\n\n'
751,1423,motorcycleblue,b'L\xef\xac\x81i\xef\xac\x81i\xef\xac\x81\xef\xac\x81\xef\xac\x82\xef\xac\x81\xef\xac\x81uk\xc3\xa9ii\xef\xac\x81a \\ \xef\xac\x82\n\n'
752,1423,motorcycleblue,b'L\xef\xac\x81i\xef\xac\x81i\xef\xac\x81\xef\xac\x81\xef\xac\x82\xef\xac\x81\xef\xac\x81uk\xc3\xa9ii\xef\xac\x81a \\ \xef\xac\x82\n\n'
753,1424,motorcycleblue,b'L\xef\xac\x81i\xef\xac\x81i\xef\xac\x81\xef\xac\x81\xef\xac\x82\xef\xac\x81\xef\xac\x81uk\xc3\xa9ii\xef\xac\x81a \\ \xef\xac\x82\n\n'
754,1425,motorcycleblue,"b'LEEEEE-7\xc3\xa9\xe2\x80\x98!9\xc2\xa7s,3uR\xc2\xa7i4\xe2\x80\x99:\xe2\x80\x99: L\\ \xef\xac\x82\n\n'"
755,1428,motorcycleblue,"b""LEEE\xc2\xa3':\xe2\x82\xacE0\xc2\xa7,ZuR.\xe2\x80\x9df.4\xe2\x80\x99:\xe2\x80\x99: \\ E\n\n"""
756,1429,motorcyclewhite,"b""!$EE\xc2\xa3':\xe2\x82\xacE0\xc2\xa7,ZuR.\xe2\x80\x9df.4\xe2\x80\x99:\xe2\x80\x99: \\ E\n\n"""
757,1430,motorcyclewhite,b' \n\n'
758,1431,motorcyclewhite,b' \n\n'
759,1431,motorcycleblue,b' \n\n'
760,1432,motorcyclewhite,b''
761,1435,motorcyclewhite,b''
762,1435,motorcycleblue,b''
763,1438,motorcyclered,b''
764,1439,truckwhite,b''
765,1441,motorcyclewhite,b''
766,1441,motorcyclewhite,b''
767,1441,truckwhite,b''
768,1442,motorcyclewhite,b''
769,1443,motorcyclewhite,b''
770,1443,motorcycleblue,b''
771,1443,motorcycleblue,b''
772,1444,carblue,b''
773,1444,truckwhite,b''
774,1446,motorcyclewhite,b''
775,1449,motorcycleblue,b''
776,1450,motorcyclewhite,b''
777,1451,truckwhite,b''
778,1453,motorcyclewhite,b' \n\n'
779,1453,motorcycleblue,b' \n\n'
780,1454,truckwhite,b' \n\n'
781,1456,motorcyclewhite,b' \n\n'
782,1471,carwhite,b'.Eae1a:2oa3.a;:\xc2\xaba; \\-21314-gigs:\n\n'
783,1474,carwhite,b''
784,1476,carwhite,b''
785,1479,motorcycleblue,b' \n\n'
786,1483,motorcycleblue,b''
787,1485,motorcycleblue,b''
788,1487,motorcyclered,b''
789,1488,motorcycleblue,b''
790,1488,motorcyclewhite,b''
791,1493,motorcycleblue,b' \n\n'
792,1494,motorcycleblue,b' \n\n'
793,1496,motorcyclegreen,b' \n\n'
794,1497,carblue,b' \n\n'
795,1499,carblue,b' \n\n'
796,1500,carwhite,b''
797,1501,motorcycleblue,b''
798,1501,motorcyclewhite,b''
799,1502,carblue,b''
800,1503,carblue,b' \n\n'
801,1506,motorcycleblue,b' \n\n'
802,1506,carwhite,b' \n\n'
803,1509,busblue,b'LKE33-\xe2\x80\x9920\xef\xac\x81s?s\xc2\xa5\\.\xc2\xabi4\xe2\x80\x99:\xe2\x80\x99: \\ |\n\n'
804,1512,carwhite,b' \n\n'
805,1515,carwhite,b' \n\n'
806,1515,carblue,b' \n\n'
807,1518,motorcycleblue,b' \n\n'
808,1519,motorcycleblue,b' \n\n'
809,1519,motorcycleblue,b' \n\n'
810,1519,carwhite,b' \n\n'
811,1520,truckorange,b' \n\n'
812,1525,motorcyclewhite,b' \n\n'
813,1525,truckblue,b' \n\n'
814,1525,truckorange,b' \n\n'
815,1528,truckorange,b' \n\n'
816,1528,motorcycleblue,b' \n\n'
817,1528,motorcyclered,b' \n\n'
818,1529,carblue,b' \n\n'
819,1530,motorcyclewhite,b''
820,1530,motorcyclered,b''
821,1531,motorcycleblue,b''
822,1531,motorcyclered,b''
823,1534,truckorange,b' \n\n'
824,1538,carwhite,b' \n\n'
825,1540,motorcycleblue,b' \n\n'
826,1541,motorcyclewhite,b' \n\n'
827,1543,carwhite,b' \n\n'
828,1543,motorcycleblue,b' \n\n'
829,1548,carwhite,b' \n\n'
830,1557,motorcycleblue,b' \n\n'
831,1558,carwhite,b' \n\n'
832,1559,motorcycleblue,b' \n\n'
833,1560,truckwhite,b' \n\n'
834,1567,truckwhite,b' \n\n'
835,1569,motorcyclewhite,b' \n\n'
836,1572,motorcyclewhite,b' \n\n'
837,1575,buswhite,b' \n\n.- 7 4?: l\xef\xac\x81\xef\xac\x81\xef\xac\x82ugsigg\n\n'
838,1580,motorcyclewhite,b' \n\n'
839,1582,carblue,b' \n\n'
840,1589,motorcyclewhite,b' \n\n'
841,1591,motorcyclewhite,b' \n\n'
842,1592,motorcycleblue,b' \n\n'
843,1592,busblue,b' \n\n'
844,1594,busblue,"b' \n\n315%\xe2\x80\x99:-\'u1l\\;i\'gV\xe2\x80\x99:\xe2\x80\x98:.l\xc2\xa3!TT\xc2\xa3\xe2\x80\x98.=\xef\xac\x81i"";\xc2\xa5L!\n\n'"
845,1597,motorcycleblue,b' \n\n'
846,1601,carwhite,b' \n\n'
847,1604,buswhite,b' \n\n'
848,1604,motorcycleblue,b' \n\n'
849,1606,busorange,b' \n\n'
850,1606,carblue,b' \n\n'
851,1606,busblue,b' \n\n'
852,1607,carblue,b' \n\n'
853,1608,busblue,b' \n\n'
854,1608,motorcycleblue,b' \n\n'
855,1609,truckwhite,b' \n\n'
856,1611,truckwhite,b' \n\n'
857,1612,carblue,b'   \n\n'
858,1613,truckred,b' \n\n'
859,1614,truckwhite,b' \n\n'
860,1614,motorcycleblue,b' \n\n'
861,1615,truckwhite,b'   \n\n'
862,1616,buswhite,b' \n\n'
863,1620,motorcycleblue,b' \n\n'
864,1621,motorcycleblue,b' \n\n'
865,1622,buswhite,b' \n\nI \n\n'
866,1623,motorcycleblue,b' \n\n'
867,1624,motorcycleblue,b' \n\n'
868,1624,motorcyclewhite,b' \n\n'
869,1624,motorcycleorange,b' \n\n'
870,1627,busred,b' \n\n'
871,1628,truckwhite,b' \n\n'
872,1628,motorcyclered,b' \n\n'
873,1628,motorcyclewhite,b' \n\n'
874,1629,motorcycleblue,b' \n\n'
875,1630,motorcyclered,b' \n\n'
876,1632,motorcyclered,b' \n\n'
877,1635,truckblue,b' \n\n'
878,1635,motorcyclewhite,b' \n\n'
879,1636,busblue,b' \n\n'
880,1637,busred,b' \n\n'
881,1638,motorcycleblue,b' \n\n'
882,1638,motorcyclewhite,b' \n\n'
883,1641,busorange,b' \n\n'
884,1641,motorcyclewhite,b' \n\n'
885,1642,carwhite,b' \n\n'
886,1643,carwhite,b' \n\n'
887,1644,motorcycleblue,b' \n\n'
888,1645,truckorange,b' \n\n'
889,1645,motorcyclewhite,b' \n\n'
890,1646,carwhite,b' \n\n'
891,1646,motorcyclewhite,b' \n\n'
892,1646,motorcycleblue,b' \n\n'
893,1646,motorcyclewhite,b' \n\n'
894,1648,motorcyclewhite,b' \n\n'
895,1649,motorcyclewhite,b' \n\n'
896,1649,motorcyclewhite,b' \n\n'
897,1650,motorcycleblue,b' \n\n'
898,1650,motorcyclewhite,b' \n\n'
899,1652,motorcycleblue,b' \n\n'
900,1653,buswhite,b' \n\n'
901,1654,motorcycleblue,b' \n\n'
902,1654,truckorange,b' \n\n'
903,1655,motorcycleblue,b' \n\n'
904,1659,carwhite,b' \n\n'
905,1659,motorcycleblue,b' \n\n'
906,1659,busblue,b' \n\n'
907,1662,motorcycleblue,b' \n\n'
908,1664,motorcycleblue,b''
909,1664,truckred,b''
910,1666,truckwhite,b''
911,1668,carblue,b' \n\n'
912,1669,truckred,b' \n\n'
913,1670,motorcycleblue,"b'.13:@.!\xc2\xa7.%\xe2\x80\x9c\xc2\xa3:\';E\xe2\x80\x98.\xc2\xa3H\'E\xef\xac\x82I!E""*= Z5-:-M32\n\n'"
914,1673,truckblue,"b'A12:@.!;.""&\xc2\xa3:\xe2\x80\x98;E-AHEHIEIEE 254.37\n\n'"
915,1674,truckwhite,"b"".13r9.\xc2\xa7.%\xc2\xa3:';E-AHEHIEIEF 35 33?.\n\n"""
916,1674,motorcycleblue,"b"".13r9.\xc2\xa7.%\xc2\xa3:';E-AHEHIEIEF 35 33?.\n\n"""
917,1677,busorange,b''
918,1682,motorcyclegreen,"b"";z:I9.e\xc2\xa3'\xc2\xa3\xc2\xb0a.,E4\n\n"""
919,1683,carorange,b'A1z;e.e\xc2\xa3av2:2:-5\n\n \n\n'
920,1685,carblue,b' \n\n'
921,1685,carorange,b' \n\n'
922,1688,carwhite,b' \n\n'
923,1691,busorange,b' \n\n'
924,1691,motorcyclewhite,b' \n\n'
925,1692,motorcyclewhite,b' \n\n'
926,1692,motorcycleblue,b' \n\n'
927,1692,carblue,b' \n\n'
928,1693,motorcyclewhite,b' \n\n'
929,1693,carblue,b' \n\n'
930,1694,motorcycleblack,b' \n\n'
931,1696,motorcyclewhite,b' \n\n'
932,1696,carblue,b' \n\n'
933,1697,buswhite,b' \n\n'
934,1697,carblue,b' \n\n'
935,1698,motorcyclewhite,b' \n\n'
936,1702,carwhite,b' \n\n'
937,1703,motorcyclewhite,b' \n\n'
938,1704,motorcycleblack,b' \n\n'
939,1704,carwhite,b' \n\n'
940,1707,carwhite,b' \n\n'
941,1708,carwhite,b' \n\n'
942,1712,truckwhite,b' \n\n'
943,1713,motorcycleblue,b' \n\n'
944,1715,motorcyclewhite,b' \n\n'
945,1716,motorcycleblue,b' \n\n'
946,1720,motorcyclered,b' \n\n'
947,1720,carwhite,b' \n\n'
948,1721,buswhite,b' \n\n'
949,1725,truckwhite,b' \n\n'
950,1726,motorcycleblue,b' \n\n'
951,1727,carwhite,b' \n\n'
952,1727,carwhite,b' \n\n'
953,1728,carwhite,b' \n\n'
954,1729,carwhite,b' \n\n'
955,1731,motorcycleblue,b' \n\n'
956,1732,motorcycleorange,b''
957,1733,truckorange,b' \n\n'
958,1733,motorcyclewhite,b' \n\n'
959,1733,motorcycleblue,b' \n\n'
960,1733,motorcyclewhite,b' \n\n'
961,1734,carwhite,b' \n\n'
962,1734,carblue,b' \n\n'
963,1734,carwhite,b' \n\n'
964,1735,busorange,b'\xe2\x80\x98rm\n\n'
965,1736,motorcyclewhite,b' \n\n'
966,1737,motorcycleblue,b''
967,1737,carwhite,b''
968,1737,carblue,b''
969,1737,truckorange,b''
970,1739,truckwhite,b' \n\n'
971,1739,carblue,b' \n\n'
972,1739,carwhite,b' \n\n'
973,1741,cargreen,b' \n\n'
974,1742,motorcyclewhite,b' \n\n'
975,1743,motorcyclewhite,b' \n\n'
976,1744,carwhite,b' \n\n'
977,1747,motorcyclewhite,b' \n\n'
978,1747,truckwhite,b' \n\n'
979,1747,motorcycleblue,b' \n\n'
980,1749,carwhite,b' \n\n'
981,1750,carblue,b''
982,1756,truckwhite,b''
983,1757,carwhite,b''
984,1761,motorcycleblue,b''
985,1762,carblue,b''
986,1762,motorcyclewhite,b''
987,1763,carred,b' \n\n'
988,1763,motorcycleblue,b' \n\n'
989,1764,carblue,b''
990,1764,motorcyclewhite,b''
991,1765,motorcyclewhite,b' \n\n'
992,1766,carwhite,b' \n\n'
993,1767,motorcyclered,b' \n\n'
994,1767,motorcyclewhite,b' \n\n'
995,1769,motorcyclered,b' \n\n'
996,1770,motorcycleblue,b''
997,1771,motorcyclewhite,b''
998,1773,motorcycleblue,b' \n\n'
999,1773,carblue,b' \n\n'
1000,1774,motorcycleblue,b' \n\n'
1001,1776,carred,b' \n\n'
1002,1776,carwhite,b' \n\n'
1003,1776,motorcyclewhite,b' \n\n'
1004,1776,carred,b' \n\n'
1005,1777,carwhite,b' \n\n'
1006,1778,motorcyclewhite,b' \n\n'
1007,1780,motorcyclered,b' \n\n'
1008,1780,motorcyclered,b' \n\n'
1009,1786,motorcyclered,b' \n\n'
1010,1786,busblue,b' \n\n'
1011,1786,truckwhite,b' \n\n'
1012,1787,carwhite,b' \n\n'
1013,1788,carred,b' \n\n'
1014,1788,truckwhite,b' \n\n'
1015,1789,motorcyclewhite,b' \n\n'
1016,1790,busorange,b' \n\n'
1017,1790,motorcyclewhite,b' \n\n'
1018,1791,motorcyclewhite,b' \n\n'
1019,1796,motorcycleorange,b' \n\n'
1020,1797,carwhite,b' \n\n'
1021,1799,truckorange,b' \n\n'
1022,1801,truckwhite,b' \n\n'
1023,1816,truckblue,b' \n\n'
1024,1818,truckblue,b' \n\n'
1025,1822,motorcycleblue,b''
1026,1823,motorcyclewhite,b' \n\n'
1027,1825,motorcyclewhite,b' \n\n'
1028,1827,carwhite,b' \n\n'
1029,1827,carwhite,b' \n\n'
1030,1829,truckwhite,b''
1031,1830,motorcycleblue,b' \n\n'
1032,1841,carwhite,b' \n\n'
1033,1842,busblue,b''
1034,1843,truckblue,b''
1035,1847,busblue,b' \n\n'
1036,1847,motorcyclewhite,b' \n\n'
1037,1850,motorcyclewhite,b' \n\n'
1038,1857,busorange,b' \n\n'
1039,1871,carwhite,b' \n\n'
1040,1878,carwhite,b' \n\n'
1041,1879,carblue,b'   \n\n'
1042,1879,busblue,b'   \n\n'
1043,1882,carwhite,b' \n\n'
1044,1886,truckwhite,b' \n\n'
1045,1889,carwhite,b' \n\n'
1046,1891,truckblue,b' \n\n'
1047,1892,motorcyclewhite,b' \n\n'
1048,1893,motorcyclewhite,b' \n\n'
1049,1898,motorcycleblue,b' \n\n'
1050,1904,carblue,"b'LE5JiT-.*;ZI5\'i1.?-\'eL7\xe2\x80\x99\n\n5:\xe2\x80\x98: ""\\  ,\xef\xac\x82\n\n'"
1051,1907,motorcyclewhite,b'\n\n5:\xe2\x80\x99: \xe2\x80\x99\\  ;\xef\xac\x82\n\n'
1052,1908,carwhite,b'\n\n<3: 3\\ mg\n\n'
1053,1908,carblue,b'\n\n<3: 3\\ mg\n\n'
1054,1921,motorcyclewhite,b''
1055,1925,motorcyclewhite,b''
1056,1928,carwhite,b''
1057,1928,carwhite,b''
1058,1931,carblue,b' \n\n'
1059,1933,carblue,b''
1060,1933,motorcycleblue,b''
1061,1936,motorcycleblue,b''
1062,1937,carwhite,b''
1063,1939,motorcycleblue,b''
1064,1939,truckwhite,b''
1065,1941,motorcyclewhite,b' \n\n'
1066,1943,truckwhite,b' \n\n'
1067,1946,carblue,b''
1068,1948,busorange,b''
1069,1949,carwhite,b''
1070,1950,motorcycleblue,b''
1071,1950,busorange,b''
1072,1952,carblue,b''
1073,1957,carred,b''
1074,1957,busorange,b''
1075,1957,busblue,b''
1076,1960,carblue,b''
1077,1962,carwhite,b''
1078,1965,carwhite,b' \n\n'
1079,1966,carblue,b' \n\n'
1080,1968,motorcyclewhite,b' \n\n'
1081,1970,carwhite,b' \n\n'
1082,1970,motorcyclewhite,b' \n\n'
1083,1971,carblue,b' \n\n'
1084,1971,motorcycleblue,b' \n\n'
1085,1974,motorcycleblue,b' \n\n'
1086,1974,carwhite,b' \n\n'
1087,1975,truckwhite,b''
1088,1976,carwhite,b''
1089,1976,motorcyclered,b''
1090,1976,carblue,b''
1091,1977,carwhite,b''
1092,1985,motorcyclewhite,b' \n\n'
1093,1986,carwhite,b' \n\n'
1094,1987,motorcyclewhite,b' \n\n'
1095,1987,carwhite,b' \n\n'
1096,1988,carwhite,b' \n\n'
1097,1990,carwhite,b' \n\n'
1098,1992,carwhite,b' \n\n'
1099,1994,carwhite,b' \n\n'
1100,1994,carwhite,b' \n\n'
1101,1997,truckwhite,b' \n\n'
1102,1997,carwhite,b' \n\n'
1103,2000,carblue,b' \n\n'
1104,2002,carblue,b' \n\n'
1105,2005,carwhite,b' \n\n'
1106,2006,motorcycleblue,b' \n\n'
1107,2006,carblue,b' \n\n'
1108,2008,carwhite,b' \n\n'
1109,2008,truckwhite,b' \n\n'
1110,2009,motorcycleorange,b' \n\n'
1111,2010,carwhite,b' \n\n'
1112,2011,carwhite,b' \n\n'
1113,2013,carblue,b' \n\n'
1114,2013,carblue,b' \n\n'
1115,2014,carwhite,b' \n\n'
1116,2014,carwhite,b' \n\n'
1117,2015,carwhite,b' \n\n'
1118,2018,carred,b' \n\n'
1119,2019,carwhite,b' \n\n'
1120,2019,carwhite,b' \n\n'
1121,2022,carwhite,b' \n\n'
1122,2025,carwhite,b' \n\n'
1123,2025,carwhite,b' \n\n'
1124,2026,carblue,b' \n\n'
1125,2026,carwhite,b' \n\n'
1126,2028,carwhite,b' \n\n'
1127,2029,carred,b' \n\n'
1128,2030,carwhite,b' \n\n'
1129,2032,motorcyclewhite,b' \n\n'
1130,2033,carred,b' \n\n'
1131,2037,motorcyclewhite,b' \n\n'
1132,2038,carwhite,b' \n\n'
1133,2043,carwhite,b' \n\n'
1134,2043,motorcycleblue,b' \n\n'
1135,2043,carwhite,b' \n\n'
1136,2044,truckwhite,b' \n\n'
1137,2046,carwhite,b'J1\n\n \n\nE\n\n \n\n'
1138,2056,motorcyclewhite,b' \n\n'
1139,2058,carwhite,b' \n\n'
1140,2060,truckblue,b' \n\n\n\n'
1141,2062,carwhite,b'   \n\n'
1142,2064,motorcyclewhite,b'   \n\n'
1143,2068,carblue,b' \n\n'
1144,2070,carwhite,b' \n\n'
1145,2075,motorcycleblue,b' \n\n'
1146,2075,motorcycleblue,b' \n\n'
1147,2075,carblue,b' \n\n'
1148,2076,truckwhite,b' \n\n'
1149,2079,carblue,b' \n\n'
1150,2079,carblue,b' \n\n'
1151,2083,truckwhite,b' \n\n'
1152,2084,motorcyclewhite,b' \n\n'
1153,2086,truckwhite,b' \n\n'
1154,2086,carwhite,b' \n\n'
1155,2087,motorcycleblue,b' \n\n'
1156,2088,truckwhite,b' \n\n'
1157,2088,carblue,b' \n\n'
1158,2088,motorcyclewhite,b' \n\n'
1159,2091,carblue,b' \n\n'
1160,2091,truckwhite,b' \n\n'
1161,2092,motorcyclewhite,b' \n\n'
1162,2094,motorcyclewhite,b' \n\n\n\n'
1163,2094,motorcycleblue,b' \n\n\n\n'
1164,2095,carblue,b' \n\n\n\n'
1165,2096,motorcycleblue,b' \n\n'
1166,2098,motorcycleblue,b''
1167,2104,carred,b' \n\n'
1168,2109,truckwhite,b' \n\n'
1169,2115,carblue,b' \n\n'
1170,2122,carwhite,b' \n\n'
1171,2124,carwhite,b' \n\n'
1172,2125,motorcyclewhite,b' \n\n'
1173,2128,motorcycleblue,b' \n\n'
1174,2131,motorcycleblue,b' \n\n'
1175,2132,carwhite,b' \n\n'
1176,2132,truckwhite,b' \n\n'
1177,2134,truckwhite,b' \n\n'
1178,2137,truckwhite,b' \n\n'
1179,2138,motorcycleblue,b' \n\n'
1180,2143,motorcyclewhite,b' \n\n'
1181,2144,motorcycleblue,b' \n\n'
1182,2145,truckwhite,b' \n\n'
1183,2146,motorcycleblue,b' \n\n'
1184,2147,carwhite,b' \n\n'
1185,2148,motorcycleblue,b' \n\n'
1186,2149,motorcycleblue,b' \n\n'
1187,2149,motorcycleblue,b' \n\n'
1188,2150,motorcycleblue,b' \n\n'
1189,2151,carred,b' \n\n'
1190,2151,carblue,b' \n\n'
1191,2152,motorcyclegreen,b' \n\n'
1192,2155,carwhite,b' \n\n'
1193,2156,motorcycleorange,b' \n\n'
1194,2158,carwhite,b' \n\n'
1195,2158,motorcycleorange,b' \n\n'
1196,2160,motorcycleblue,b' \n\n'
1197,2160,carwhite,b' \n\n'
1198,2161,truckwhite,b' \n\n'
1199,2163,motorcyclegreen,b' \n\n'
1200,2163,truckwhite,b' \n\n'
1201,2164,motorcyclewhite,b' \n\n'
1202,2164,motorcyclered,b' \n\n'
1203,2165,carorange,b' \n\n'
1204,2166,motorcycleblack,b' \n\n'
1205,2168,motorcyclewhite,b' \n\n'
1206,2170,motorcycleblue,b' \n\n'
1207,2171,truckwhite,b' \n\n'
1208,2176,truckwhite,b' \n\n'
1209,2176,motorcyclewhite,b' \n\n'
1210,2176,motorcycleorange,b' \n\n'
1211,2181,motorcycleorange,b' \n\n'
1212,2186,motorcycleblue,b' \n\n'
1,0,motorcycleblue,b' \n\n'
2,0,motorcyclered,b' \n\n'
3,0,carblue,b' \n\n'
4,0,motorcyclewhite,b' \n\n'
5,0,carblue,b' \n\n'
6,0,truckwhite,b' \n\n'
7,0,carblue,b' \n\n'
8,0,carwhite,b' \n\n'
9,0,motorcycleblue,b' \n\n'
10,0,motorcycleblue,b' \n\n'
11,0,truckorange,b' \n\n'
12,0,carred,b' \n\n'
13,0,motorcyclewhite,b' \n\n'
14,0,motorcycleblue,b' \n\n'
15,0,motorcycleblue,b' \n\n'
16,0,motorcycleblue,b' \n\n'
17,1,motorcycleblue,b' \n\n'
18,1,motorcycleorange,b' \n\n'
19,3,motorcycleblue,b' \n\n'
20,3,carblue,b' \n\n'
21,5,motorcycleblue,b' \n\n'
22,6,carblue,b' \n\n'
23,6,carblue,b' \n\n'
24,6,motorcyclewhite,b' \n\n'
25,7,motorcycleblue,b' \n\n'
26,7,motorcycleblue,b' \n\n'
27,9,carblue,b' \n\n'
28,10,carwhite,b' \n\n'
29,11,motorcycleblue,b' \n\n'
30,11,carblue,b' \n\n'
31,15,carorange,b' \n\n'
32,16,carwhite,b' \n\n'
33,17,carorange,b'N\ne. \n\n \n\n'
34,18,motorcyclewhite,b'N\ne. \n\n \n\n'
35,19,carwhite,b'\\\ne. \n\n \n\n'
36,19,truckorange,b'\\\ne. \n\n \n\n'
37,21,carblue,b' \n\n'
38,21,carwhite,b' \n\n'
39,22,truckorange,b' \n\n'
40,26,carblue,b' \n\n'
41,28,busblue,b' \n\n'
42,31,motorcyclewhite,b' \n\n'
43,32,motorcyclewhite,b' \n\n'
44,32,busblue,b' \n\n'
45,34,busblue,b' \n\n'
46,34,carwhite,b' \n\n'
47,36,busblue,b' \n\n'
48,37,truckwhite,b' \n\n'
49,37,busblue,b' \n\n'
50,43,motorcyclewhite,b' \n\n'
51,45,busblue,b' \n\n'
52,45,truckwhite,b' \n\n'
53,46,motorcyclewhite,b''
54,46,carwhite,b''
55,48,motorcyclewhite,b' \n\n'
56,48,carwhite,b' \n\n'
57,49,truckwhite,b''
58,50,motorcyclewhite,b''
59,51,buswhite,b''
60,53,truckwhite,b''
61,58,carwhite,b''
62,64,truckwhite,b''
63,66,carblue,b' \n\n'
64,71,motorcycleblue,b''
65,73,motorcycleblue,b' \n\n'
66,75,truckblue,b' \n\n'
67,86,motorcycleblue,b' \n\n'
68,90,motorcycleblue,b' \n\n'
69,91,carred,b' \n\n'
70,92,motorcycleblue,b' \n\n'
71,92,truckgreen,b' \n\n'
72,98,truckwhite,b' \n\n'
73,98,truckblue,b' \n\n'
74,99,motorcycleblue,b' \n\n'
75,101,motorcyclewhite,b' \n\n'
76,104,motorcycleorange,b' \n\n'
77,104,motorcyclewhite,b' \n\n'
78,112,busorange,b' \n\n'
79,113,truckwhite,b' \n\n'
80,113,carwhite,b' \n\n'
81,116,truckblue,b' \n\n'
82,116,carblue,b' \n\n'
83,116,truckwhite,b' \n\n'
84,118,truckwhite,b' \n\n'
85,119,motorcycleblue,b' \n\n'
86,121,motorcycleblue,b' \n\n'
87,123,motorcycleblue,"b' \n\n0\xef\xac\x81%\\\\M.~i4\xe2\x80\x99:\xe2\x80\x98: 1035-7""\n\n \n\n'"
88,123,carblue,"b' \n\n0\xef\xac\x81%\\\\M.~i4\xe2\x80\x99:\xe2\x80\x98: 1035-7""\n\n \n\n'"
89,127,carblue,b' \n\n'
90,129,truckblue,b' \n\n'
91,130,motorcyclewhite,b' \n\n'
92,131,busblue,b' \n\n'
93,131,motorcycleblue,b' \n\n'
94,132,truckblue,b' \n\n'
95,134,truckblue,b' \n\n'
96,135,carblue,b''
97,135,motorcyclewhite,b''
98,137,motorcyclewhite,b''
99,137,carblue,b''
100,139,motorcycleblue,b'\n\nE\n:~&1\xc2\xa7\xc2\xa7\nW3\nQLIS\n\n'
101,139,carblue,b'\n\nE\n:~&1\xc2\xa7\xc2\xa7\nW3\nQLIS\n\n'
102,142,motorcycleblue,b''
103,145,carblue,b''
104,147,carwhite,b' \n\n'
105,150,motorcycleblue,b''
106,155,motorcyclewhite,b' \n\n'
107,158,motorcyclewhite,b''
108,161,motorcyclewhite,b''
109,162,carwhite,b''
110,162,busred,b''
111,164,truckred,"b'.12:\'3.4\xc2\xa7.%E}:\':2.\'-\xe2\x80\x98.\xe2\x80\x98.WiIIEIE?=,/Z&i""\xe2\x80\x98*1,Er\n\n'"
112,169,motorcyclewhite,b' \n\n'
113,169,motorcycleblue,b' \n\n'
114,171,carwhite,b' \n\n'
115,174,carblue,b' \n\n'
116,175,motorcycleblue,b' \n\n'
117,176,carblue,b' \n\n'
118,180,truckwhite,b' \n\n'
119,183,carblue,b' \n\n'
120,184,motorcyclewhite,b' \n\n'
121,186,carred,b' \n\n'
122,196,motorcycleblue,b' \n\n'
123,196,motorcycleblue,b' \n\n'
124,196,carblue,b' \n\n'
125,198,carwhite,b' \n\n'
126,199,motorcycleblue,b' i\xef\xac\x82\xef\xac\x81i\xc3\xa9a\xc3\xa9g\xef\xac\x82\n\n'
127,199,motorcyclewhite,b' i\xef\xac\x82\xef\xac\x81i\xc3\xa9a\xc3\xa9g\xef\xac\x82\n\n'
128,201,motorcycleblue,b'L\xef\xac\x81iiii\xef\xac\x82\xef\xac\x82\xef\xac\x81\xef\xac\x81\xef\xac\x81aii\xef\xac\x81a \n\n'
129,202,truckwhite,b' \n\n'
130,204,motorcyclewhite,b'   \n\n'
131,204,truckwhite,b'   \n\n'
132,205,carwhite,b'   \n\n'
133,208,buswhite,b'   \n\n'
134,210,truckwhite,b' \n\n'
135,213,motorcycleblue,b'   \n\n'
136,213,carblue,b'   \n\n'
137,213,buswhite,b'   \n\n'
138,215,truckwhite,b' \n\n'
139,217,carwhite,b' \n\n'
140,218,carblue,b' \n\n'
141,219,motorcyclewhite,b' \n\n'
142,234,carwhite,b' \n\n'
143,235,truckwhite,b'   \n\n'
144,236,truckwhite,b'   \n\n'
145,238,motorcyclewhite,b'   \n\n'
146,240,carwhite,b' \n\n'
147,240,carblue,b' \n\n'
148,241,busblue,b' \n\n'
149,241,truckblue,b' \n\n'
150,241,motorcyclewhite,b' \n\n'
151,244,carwhite,"b'LEE33?Z"".\'l9\xef\xac\x813..l.-.\xe2\x80\x98.\'.4\xe2\x80\x99:\xe2\x80\x99: \\\'33E_\xef\xac\x81\n\n \n\n'"
152,245,motorcycleblue,"b'LEE3i%TZ"".9\xef\xac\x813..R-.\xc2\xa3L4\xe2\x80\x99:\xe2\x80\x99: \\\'33E_%!:\'l\n\n'"
153,247,carwhite,b' \n\n'
154,251,buswhite,b'\\g\n\n \n\n'
155,253,motorcyclewhite,b'\\g\n\n \n\n'
156,256,motorcyclewhite,b' \n\n'
157,256,motorcyclered,b' \n\n'
158,256,busblue,b' \n\n'
159,256,truckorange,b' \n\n'
160,257,motorcyclewhite,b' \n\n'
161,258,motorcyclewhite,b' \n\n'
162,258,motorcyclewhite,b' \n\n'
163,259,motorcyclewhite,b' \n\n'
164,260,motorcycleblue,b' \n\n'
165,261,motorcycleblue,b' \n\n'
166,263,motorcycleblue,b' \n\n'
167,264,busorange,b' \n\n'
168,264,carblue,b' \n\n'
169,265,carred,b''
170,268,carwhite,b''
171,270,motorcycleblue,"b"".$\xe2\x80\x98;1f?Z0\xef\xac\x81?\xc2\xab'LVi4\xe2\x80\x99:\xe2\x80\x99: \n\n"""
172,270,carwhite,"b"".$\xe2\x80\x98;1f?Z0\xef\xac\x81?\xc2\xab'LVi4\xe2\x80\x99:\xe2\x80\x99: \n\n"""
173,271,carblue,b' \n\n'
174,275,motorcyclewhite,b' \n\n'
175,276,carwhite,b' \n\n'
176,278,motorcyclewhite,b' \n\n'
177,278,motorcyclewhite,b' \n\n'
178,278,carblue,b' \n\n'
179,280,motorcyclewhite,b' \n\n'
180,282,carwhite,b' \n\n'
181,282,motorcyclewhite,b' \n\n'
182,284,motorcyclewhite,b' \n\n'
183,284,motorcyclewhite,b' \n\n'
184,288,buswhite,b' \n\n'
185,289,carwhite,b''
186,292,carwhite,b''
187,299,motorcyclewhite,b' \n\n'
188,300,motorcyclered,"b'"".24\n\n..E\xc2\xb0.3~ .Z\xc2\xa3|\xef\xac\x81\xc2\xa7LV\xe2\x80\x99.\xe2\x80\x98.4\xe2\x80\x99:\xe2\x80\x99: \n\n'"
189,305,carwhite,"b""..E\xc2\xa7\xc2\xa31 .Z!5'\xef\xac\x81?~\xc2\xabH\xe2\x80\x99:\xe2\x80\x99: \n\n"""
190,306,motorcyclewhite,"b""3% .Z\xc2\xa7'\xef\xac\x81ZM4\xe2\x80\x99:\xe2\x80\x99: \n\n"""
191,307,motorcyclewhite,"b"".E\xc2\xb0.\xc2\xa31 .Z,\xc2\xa25'ii.+'.\xe2\x80\x99~M4\xe2\x80\x99:\xe2\x80\x99: \n\n"""
192,308,carred,"b"".E\xc2\xb0.Z.1 .ZI5'\xef\xac\x81.3-4L\xe2\x80\x99i4\xe2\x80\x99:\xe2\x80\x99: \n\n"""
193,308,motorcycleblue,"b"".E\xc2\xb0.Z.1 .ZI5'\xef\xac\x81.3-4L\xe2\x80\x99i4\xe2\x80\x99:\xe2\x80\x99: \n\n"""
194,310,truckwhite,"b""$93 .ZI5'\xef\xac\x81.3-\xc2\xa2H\xe2\x80\x99:\xe2\x80\x98: \n\n"""
195,311,motorcyclegreen,"b'E23. <Z,0\xef\xac\x82@\xe2\x80\x9c;:\xe2\x80\x98\xc2\xa7: \n\n'"
196,312,carwhite,"b""E23. \xc2\xa2Z,l5'i:l.ZJ.'Z4\xe2\x80\x99:\xe2\x80\x98: \n\n"""
197,312,motorcyclered,"b""E23. \xc2\xa2Z,l5'i:l.ZJ.'Z4\xe2\x80\x99:\xe2\x80\x98: \n\n"""
198,313,motorcyclegreen,"b""E23. (Z,lf'\xef\xac\x81:.13J\xc2\xa7'l4\xe2\x80\x99:\xe2\x80\x98: \n\n"""
199,313,truckwhite,"b""E23. (Z,lf'\xef\xac\x81:.13J\xc2\xa7'l4\xe2\x80\x99:\xe2\x80\x98: \n\n"""
200,315,carwhite,b''
201,316,carblue,"b"". '_a<\n\nE93 .Z,0\xef\xac\x81,'4-'.L'l4\xe2\x80\x99:\xe2\x80\x98: \n\n"""
202,317,motorcycleblue,"b'.EEI:1\'f?Z,0\xef\xac\x81.,Z\'\xc2\xabL\'l4\xe2\x80\x99:\xe2\x80\x98: ""\\\n\n'"
203,318,carblue,b''
204,319,carblue,b''
205,321,carwhite,b''
206,321,motorcycleblue,b''
207,321,carblue,b''
208,322,motorcyclewhite,b''
209,324,busblue,b''
210,324,carwhite,b''
211,326,motorcycleblue,b''
212,327,motorcycleblue,b''
213,327,carblue,b''
214,328,busblue,b' \n\n'
215,328,carwhite,b' \n\n'
216,330,motorcycleblue,b' \n\n'
217,333,motorcycleblue,b''
218,337,motorcyclewhite,b''
219,338,carblue,b''
220,339,busblue,b''
221,340,carwhite,b''
222,341,carwhite,b''
223,344,motorcyclewhite,b' \n\n'
224,345,motorcyclewhite,b''
225,348,motorcycleblue,b' \n\n'
226,350,motorcyclewhite,b' \n\n'
227,353,motorcyclewhite,b' \n\n'
228,354,motorcycleyellow,b' \n\n'
229,354,motorcyclered,b' \n\n'
230,357,motorcyclered,b' \n\n'
231,357,motorcycleyellow,b' \n\n'
232,361,motorcyclewhite,"b'LEEEIt?E\xc2\xa79\xef\xac\x81,Z.\xe2\x80\x99\xc2\xab\\i\xc2\xa3iF:\xe2\x80\x99: \n\n'"
233,361,motorcycleblue,"b'LEEEIt?E\xc2\xa79\xef\xac\x81,Z.\xe2\x80\x99\xc2\xab\\i\xc2\xa3iF:\xe2\x80\x99: \n\n'"
234,361,motorcyclered,"b'LEEEIt?E\xc2\xa79\xef\xac\x81,Z.\xe2\x80\x99\xc2\xab\\i\xc2\xa3iF:\xe2\x80\x99: \n\n'"
235,361,truckblue,"b'LEEEIt?E\xc2\xa79\xef\xac\x81,Z.\xe2\x80\x99\xc2\xab\\i\xc2\xa3iF:\xe2\x80\x99: \n\n'"
236,362,motorcyclewhite,"b'LEEE;\'t?E\xc2\xa7=""\xef\xac\x81,Z.\xe2\x80\x99\xc2\xab\\1\xc2\xa3iF:\xe2\x80\x99: \n\n'"
237,363,motorcyclewhite,b''
238,367,motorcyclewhite,b''
239,371,motorcyclewhite,b' \n\n'
240,379,carblue,b' \n\n'
241,384,truckred,b' \n\n'
242,387,buswhite,b' \n\n'
243,389,motorcyclewhite,b' \n\n'
244,414,motorcycleblue,b''
245,421,truckwhite,b''
246,421,buswhite,b''
247,428,motorcyclewhite,b' \n\n'
248,428,motorcycleblue,b' \n\n'
249,428,carblue,b' \n\n'
250,430,motorcycleblue,b' \n\n'
251,431,truckwhite,b' \n\n'
252,431,motorcycleblue,b' \n\n'
253,431,motorcyclewhite,b' \n\n'
254,434,motorcycleblue,b' \n\n'
255,434,motorcyclewhite,b' \n\n'
256,437,motorcyclewhite,b''
257,439,motorcycleblue,b' \n\n'
258,440,motorcyclewhite,b' \n\n'
259,445,motorcyclewhite,"b"" '\\ '3\xe2\x80\x98.\n\n"""
260,448,motorcycleblue,"b""a_ggae.2mma; '\\0'.\xe2\x80\x9cIi\xc2\xa3\xc2\xa7::T-J.-\xe2\x80\x98.1\n\n"""
261,453,motorcyclewhite,b' \n\n'
262,455,truckwhite,b' \n\n'
263,456,truckwhite,b' \n\n'
264,456,motorcycleorange,b' \n\n'
265,457,motorcycleorange,b' \n\n'
266,458,motorcycleblue,b' \n\n'
267,461,carwhite,b' \n\n'
268,469,motorcycleblue,b' \n\n'
269,475,busorange,b' \n\n'
270,478,motorcycleblue,b' \n\n'
271,480,motorcyclewhite,b' \n\n\xe2\x80\x98 \n\n'
272,486,motorcyclewhite,b' \n\n'
273,487,carwhite,b' \n\n'
274,487,motorcycleblue,b' \n\n'
275,489,carwhite,b' \n\n'
276,489,motorcyclewhite,b' \n\n'
277,491,motorcycleorange,b' \n\n'
278,491,motorcyclewhite,b' \n\n'
279,493,truckwhite,b' \n\n'
280,494,motorcyclewhite,b' \n\n'
281,495,busblue,b' \n\n'
282,498,busblue,b' \n\n'
283,499,motorcycleblue,b' \n\n'
284,501,truckwhite,b' \n\n'
285,503,truckwhite,b' \n\n'
286,504,carblue,b' \n\n'
287,504,truckwhite,b' \n\n'
288,504,buswhite,b' \n\n'
289,507,motorcycleblue,b' \n\n'
290,507,carblue,b' \n\n'
291,508,truckwhite,b' \n\n'
292,512,motorcycleblue,b' \n\n'
293,513,motorcycleblue,b' \n\n'
294,515,carblue,b' \n\n'
295,518,motorcyclewhite,b' \n\n'
296,519,motorcyclered,b' \n\n'
297,522,motorcyclewhite,b' \n\n'
298,524,motorcyclewhite,b' \n\n'
299,534,motorcycleorange,b' \n\n'
300,535,carwhite,b' \n\n'
301,539,motorcycleorange,b'   \n\n'
302,540,motorcycleblue,b' \n\n'
303,540,carblue,b' \n\n'
304,541,motorcycleorange,b' \n\n'
305,542,motorcyclewhite,b' \n\n'
306,544,motorcycleblue,b'   \n\n'
307,545,carwhite,b'   \n\n'
308,545,truckorange,b'   \n\n'
309,546,motorcycleblue,b' \n\n'
310,547,carwhite,b'   \n\n'
311,548,motorcycleorange,b' \n\n'
312,549,motorcyclewhite,b' \n\n'
313,550,motorcycleblue,b' \n\n'
314,556,busblue,b' \n\n'
315,557,motorcyclewhite,b' \n\n'
316,558,carwhite,b' \n\n'
317,558,motorcyclewhite,b' \n\n'
318,559,motorcyclewhite,b' \n\n'
319,559,carwhite,b' \n\n'
320,560,carwhite,b' \n\n'
321,561,motorcycleblue,b' \n\n'
322,562,motorcyclewhite,b' \n\n'
323,562,motorcyclewhite,b' \n\n'
324,564,motorcyclewhite,b' \n\n'
325,565,motorcyclered,b' \n\n'
326,565,buswhite,b' \n\n'
327,567,motorcyclewhite,b'i.r21=s2\xc2\xa3e:2.cam.~::a-; xuazmam\n\n'
328,568,motorcycleblue,b'Lr21:s2\xc2\xa3e:2sam.::a-; mzmam\n\n'
329,570,motorcyclewhite,"b'i.m:\xc2\xa2e:2.om.\xc2\xbb::==~; \'\\0\xe2\x80\x99&1\xe2\x80\x98\xc2\xa7xE,T.""J\n\n'"
330,572,carblue,b'Lr2\\:e.1e:2sam.\xc2\xbbr=~; xsaz\xc2\xbb-mm\n\n'
331,573,carwhite,b'.r2\\:e.;:1e:2.oa2..r.m:==~; 1031*-@;1T\xc2\xa31\n\n'
332,574,buswhite,b' \n\n'
333,574,motorcycleblue,b' \n\n'
334,574,truckred,b' \n\n'
335,574,buswhite,b' \n\n'
336,574,motorcyclewhite,b' \n\n'
337,575,carwhite,b' \n\n'
338,576,motorcyclewhite,b' \n\n'
339,576,buswhite,b' \n\n'
340,576,carwhite,b' \n\n'
341,577,buswhite,b' \n\n'
342,578,carwhite,b' \n\n'
343,579,motorcyclewhite,"b' \n\n\xe2\x80\x98E-"",\'l5\'\xef\xac\x81Z.Al:.~\\\';A\xc2\xa7: l\xef\xac\x82iikgm\n\n'"
344,579,motorcycleblue,"b' \n\n\xe2\x80\x98E-"",\'l5\'\xef\xac\x81Z.Al:.~\\\';A\xc2\xa7: l\xef\xac\x82iikgm\n\n'"
345,580,motorcyclewhite,"b' \n\n\xe2\x80\x98E-"",\'l5\'\xef\xac\x81ZT.AlA.~\\\';A\xc2\xa7: l\xef\xac\x82iikqm\n\n'"
346,580,buswhite,"b' \n\n\xe2\x80\x98E-"",\'l5\'\xef\xac\x81ZT.AlA.~\\\';A\xc2\xa7: l\xef\xac\x82iikqm\n\n'"
347,583,buswhite,b' \n\n'
348,583,truckorange,b' \n\n'
349,587,truckorange,b' \n\n'
350,589,motorcycleblue,b' \n\n'
351,590,buswhite,b' \n\n'
352,603,motorcycleblue,b' \n\n'
353,603,busblue,b' \n\n'
354,603,motorcycleblue,b' \n\n'
355,604,motorcycleorange,b' \n\n'
356,606,busblue,b' \n\n'
357,607,motorcycleblue,b' \n\n'
358,607,carwhite,b' \n\n'
359,607,motorcycleblue,b' \n\n'
360,608,motorcyclewhite,b' \n\n'
361,608,motorcycleorange,b' \n\n'
362,609,carwhite,"b"".$E\xc2\xa3I\xe2\x80\x99:fE0\xef\xac\x81Z.'e!..?.4\xe2\x80\x99:\xe2\x80\x98: \\ !!\n\n"""
363,609,motorcycleblue,"b"".$E\xc2\xa3I\xe2\x80\x99:fE0\xef\xac\x81Z.'e!..?.4\xe2\x80\x99:\xe2\x80\x98: \\ !!\n\n"""
364,610,motorcyclewhite,"b"".$EEI\xe2\x80\x99:fE0\xef\xac\x81Z~'vLi4\xe2\x80\x99:\xe2\x80\x98: \\ F'\n\n"""
365,611,motorcyclered,b' !\n\n'
366,612,motorcycleblue,b''
367,613,truckwhite,b' \n\nIEI%\xe2\x80\x98Li!\n\n'
368,617,motorcyclewhite,b''
369,617,carwhite,b''
370,621,motorcyclewhite,b' \n\n'
371,621,motorcyclewhite,b' \n\n'
372,621,motorcycleblue,b' \n\n'
373,622,motorcyclewhite,b' \n\n'
374,624,motorcyclewhite,b' \n\n'
375,625,motorcycleblue,b' \n\n'
376,627,motorcyclewhite,b' \n\n'
377,628,carred,b' \n\n'
378,629,motorcycleblue,b' \n\n'
379,631,motorcycleblue,b' \n\n'
380,632,motorcyclewhite,b' \n\n'
381,634,carblue,b' \n\n'
382,634,motorcycleblue,b' \n\n'
383,636,carwhite,b' \n\n'
384,638,carwhite,b' \n\n'
385,638,motorcyclewhite,b' \n\n'
386,640,busblue,b''
387,640,busblue,b''
388,643,carwhite,b''
389,645,motorcyclered,b'_E:aazoa.z.2L.:\xc2\xaba; xuamdmz\n\n'
390,647,carblue,b' \n\n'
391,648,buswhite,b' \n\n'
392,648,motorcyclered,b' \n\n'
393,649,carwhite,b'_E:mazoa3M\xc2\xaba; xaazamz\n\n'
394,651,motorcyclewhite,b' \n\n'
395,652,carwhite,b' \n\n'
396,653,motorcyclewhite,b' \n\n'
397,653,motorcyclewhite,b' \n\n'
398,655,busorange,b' \n\n'
399,656,carblue,b' \n\n'
400,659,carwhite,b'_ma;1a..z9m;:\xc2\xaba: xwzigga\n\n'
401,661,carwhite,b' \n\n'
402,661,motorcyclewhite,b' \n\n'
403,661,motorcyclewhite,b' \n\n'
404,661,carwhite,b' \n\n'
405,664,carwhite,b'_ma;\xc2\xa3e...29m;:\xc2\xaba: xu\xef\xac\x82rmsa\n\n'
406,666,motorcycleblue,b'_E:\xc2\xa71a29m;:\xc2\xaba: xu\xef\xac\x81rmsa\n\n'
407,669,motorcycleblue,b'\xe2\x80\x98bi\xe2\x80\x99: \\ \xc2\xa3E\n\n'
408,671,motorcycleblue,b' \n\n'
409,673,motorcycleblue,b''
410,674,motorcyclewhite,b''
411,675,carwhite,b''
412,676,carwhite,b' \n\n'
413,678,carwhite,b' \n\n'
414,680,motorcyclegreen,b' \n\n'
415,680,motorcyclewhite,b' \n\n'
416,681,carblue,b' \n\n'
417,681,carwhite,b' \n\n'
418,684,motorcyclewhite,b' \n\n'
419,685,carwhite,b' \n\n'
420,686,motorcyclewhite,b' \n\n'
421,687,motorcyclewhite,b' \n\n'
422,687,carwhite,b' \n\n'
423,688,carwhite,b' \n\n'
424,689,motorcyclewhite,b' \n\n'
425,690,carwhite,b' \n\n'
426,694,carwhite,b' \n\n'
427,700,motorcycleblue,b' \n\n'
428,702,motorcycleblue,b' \n\n'
429,704,motorcycleblue,b' \n\n'
430,704,motorcycleblue,b' \n\n'
431,710,truckwhite,b' \n\n'
432,715,carwhite,b' \n\n'
433,718,carwhite,b' \n\n'
434,720,motorcyclewhite,b' \n\n'
435,721,motorcycleblue,b' \n\n'
436,725,motorcycleblue,b' \n\n'
437,727,motorcyclewhite,b' \n\n'
438,728,motorcycleblue,b' \n\n'
439,730,motorcycleblue,b' \n\n'
440,731,motorcycleblue,b' \n\n'
441,734,motorcycleblue,b' \n\n'
442,734,motorcycleblue,b' \n\n'
443,734,motorcycleblue,b' \n\n'
444,736,motorcycleblue,b' \n\n'
445,737,carwhite,"b"".E:aa;e:2oea3.aV4:\xc2\xaba; '\\'?I3E@;\xc2\xa31.-1\n\n"""
446,740,motorcycleblue,"b""E.EEI:\xc2\xa5;%\xe2\x82\xacZ\xe2\x80\x98!5'fili?.-W.ii4\xe2\x80\x99:\xe2\x80\x98: '\\'?I31\xe2\x80\x98\xef\xac\x82m1E\n\n"""
447,746,motorcycleblue,b'.EEE;I%?20?\xef\xac\x81a.Z.Li\xc2\xab\xc2\xa7: xaziazgwa\n\n'
448,748,motorcyclewhite,"b'.E:e\xc2\xa21e:2o2ua3.a,;:\xc2\xaba; xaziazgwa\n\n'"
449,754,motorcycleblue,"b'i.EEE\xe2\x80\x98:$2\xc2\xa7)\xc2\xa7g,L\n\nI\n\n*3: l\xef\xac\x81\xef\xac\x81idgggrg\n\n'"
450,758,motorcycleblue,"b'.Ea\xc2\xa71a:z,om;-:\xc2\xaba= xexm\xef\xac\x81aja\n\n'"
451,770,motorcycleblue,"b'i.EE34*?2\xc2\xa7:""\xc2\xa7Zz\'.\xc2\xab?Lsi4\xe2\x80\x99:\xe2\x80\x98: \'\\\'33\xef\xac\x82JSLTi\n\n'"
452,775,truckwhite,b''
453,777,busred,b''
454,779,motorcycleblack,b''
455,780,motorcyclered,b''
456,781,motorcycleblack,b''
457,785,truckwhite,"b'.EEE\'-V\xc2\xa3E\xc2\xa75\'?\xef\xac\x81:7:\xc2\xab\xe2\x80\x99.%.A.7f.\xc2\xab\xe2\x80\x99:"": l\xef\xac\x82\xef\xac\x81\xef\xac\x82\xef\xac\x81al\xef\xac\x82\n\n'"
458,787,carblue,b''
459,794,carblue,b' \n\n'
460,797,motorcycleblue,b' \n\n'
461,798,carred,b' \n\n'
462,811,carred,"b'LE\xe2\x80\x9c*:.E""fE2,()g_;_\xc2\xa2,(,.g.\xc2\xa7.A\n\nh\n\n\xe2\x80\x98E\xe2\x80\x99: \'\\\'3I3\'14\xef\xac\x82&\xe2\x80\x98.\xe2\x80\x98J\xc2\xa3i\n\n'"
463,814,carred,b' \n\n'
464,815,truckorange,b' \n\n'
465,818,motorcyclered,b' \n\n'
466,818,motorcycleblue,b' \n\n'
467,819,truckwhite,b' \n\n'
468,820,carwhite,b' \n\n'
469,823,truckorange,b' \n\n'
470,825,carwhite,b' \n\n'
471,826,truckwhite,b' \n\n'
472,831,carwhite,b' \n\n'
473,831,carblue,b' \n\n'
474,831,buswhite,b' \n\n'
475,832,carwhite,b' \n\n'
476,833,buswhite,b' \n\n'
477,834,truckwhite,b' \n\n'
478,835,carblue,b' \n\n'
479,836,buswhite,b' \n\n'
480,844,carwhite,b'   \n\n'
481,846,carwhite,b' \n\n'
482,848,motorcycleblue,b' \n\n'
483,848,carwhite,b' \n\n'
484,849,carwhite,b' \n\n'
485,854,motorcycleblue,b' \n\n'
486,855,motorcycleblue,b' \n\n'
487,858,carwhite,b' \n\niia\xef\xac\x81\xef\xac\x81\xef\xac\x82\xc3\xa9l\n\n'
488,860,truckorange,b' \n\n'
489,860,motorcycleblue,b' \n\n'
490,865,motorcycleblue,b' \n\n'
491,868,carwhite,b' \n\n'
492,868,motorcyclewhite,b' \n\n'
493,868,motorcyclered,b' \n\n'
494,870,carwhite,b' \n\n'
495,872,motorcycleorange,b' \n\n'
496,873,cargreen,b' \n\n'
497,874,carwhite,b' \n\n'
498,875,motorcycleblue,b' \n\n'
499,876,motorcycleblue,b' \n\n'
500,877,truckorange,b' \n\n'
501,879,motorcycleorange,b' \n\n'
502,881,motorcycleblue,b' \n\n'
503,884,truckwhite,b' \n\n'
504,885,busorange,b' \n\n'
505,885,motorcyclewhite,b' \n\n'
506,885,carwhite,b' \n\n'
507,885,truckorange,b' \n\n'
508,885,motorcycleblue,b' \n\n'
509,887,carblue,b' \n\n'
510,887,motorcycleblue,b' \n\n'
511,888,motorcycleorange,b' \n\n'
512,891,carwhite,b''
513,891,carwhite,b''
514,893,motorcycleblue,b''
515,893,motorcycleblue,b''
516,897,truckorange,b''
517,899,truckorange,b''
518,904,carwhite,b' \n\n'
519,907,carwhite,b' \n\n'
520,910,motorcycleblue,b' \n\n'
521,910,carorange,b' \n\n'
522,912,truckorange,b''
523,912,carwhite,b''
524,917,carwhite,b''
525,918,carwhite,"b'LEE.\xc2\xab.\'5\xc2\xa7\'ff3!15\'\xef\xac\x81Z.-K.""\n\nI\n\n4?: li\xef\xac\x82\xef\xac\x82\xef\xac\x81\xef\xac\x82\n\n'"
526,920,carwhite,b' \n\n'
527,920,motorcycleblue,b' \n\n'
528,922,carred,b' \n\n'
529,925,motorcycleblue,b''
530,925,carred,b''
531,933,carblue,b''
532,934,motorcycleblue,b''
533,938,motorcyclered,b''
534,942,carblue,b'\n\nI\n\nE\xe2\x80\x98: L1 \xef\xac\x82\n\n'
535,946,motorcyclewhite,b''
536,948,truckwhite,b''
537,949,truckwhite,b'\n\nI\n\n\xe2\x80\x98E\xe2\x80\x99: \xe2\x80\x98\\ \xef\xac\x82\n\n'
538,950,motorcyclewhite,b''
539,955,motorcyclewhite,b''
540,957,busred,b''
541,959,truckred,b'\n\nI\n\n4?: L\\ \xc2\xa3\n\n'
542,962,busred,b''
543,966,truckred,b'LEEZIJEEQEZVK.\xe2\x80\x98\n\nI\n\nFa\xe2\x80\x99: \\ \xc2\xa3\n\n'
544,967,motorcycleorange,"b""LEE3i'f3.'35'\xef\xac\x81I.\xe2\x80\x99.'.~L*\n\nI\n\nE\xe2\x80\x98: L\\ \xc2\xa3\n\n"""
545,968,motorcycleblue,"b""LE\xe2\x80\x98;3i':fE!I5'\xef\xac\x813fq'vB..~ \\\n\nI\n\n4%\xe2\x80\x99: \xe2\x80\x98\\ \xc2\xa3\n\n"""
546,969,truckorange,b'L\xef\xac\x81i\xef\xac\x81ii\xef\xac\x81\xef\xac\x82\xef\xac\x81\xef\xac\x81vle \xe2\x80\x98\n\nI\n\n4%\xe2\x80\x99: \xe2\x80\x98\\ \xc2\xa3\n\n'
547,973,truckorange,b' \n\n'
548,974,motorcycleblue,b' \n\n'
549,975,carwhite,b' \n\n'
550,980,motorcycleorange,b' \n\n'
551,982,motorcyclewhite,b' \n\n'
552,982,motorcycleorange,b' \n\n'
553,985,carwhite,b' \n\n'
554,992,motorcycleblack,b' \n\n'
555,993,busorange,b' \n\n'
556,995,truckorange,b' \n\n'
557,997,truckwhite,b' \n\n'
558,1002,truckwhite,b''
559,1002,motorcycleblue,b''
560,1005,truckwhite,b''
561,1005,busorange,b''
562,1006,buswhite,"b'E\xc2\xa7\xc2\xa7~""??Z9\xc2\xa3,zvM.\xe2\x80\x98:=\xe2\x80\x99A \\ \xef\xac\x82\n\n'"
563,1007,carwhite,b' \n\n'
564,1009,truckwhite,"b""LE\xc2\xb0;2ii':?Z!I5'\xef\xac\x81,.Z.-L\xe2\x80\x99i.A\xe2\x80\x99:\xe2\x80\x99: \\ \xef\xac\x82\n\n"""
565,1015,truckblue,b''
566,1021,motorcyclered,b''
567,1024,truckblue,b''
568,1025,truckblue,b''
569,1028,truckgreen,b''
570,1028,busgreen,b''
571,1031,busgreen,b' \n\n'
572,1034,busgreen,b''
573,1035,truckred,b''
574,1035,truckwhite,b''
575,1035,busred,b''
576,1038,truckwhite,b' \n\n'
577,1038,busgreen,b' \n\n'
578,1038,carwhite,b' \n\n'
579,1039,busred,b' \n\n'
580,1039,truckred,b' \n\n'
581,1040,busgreen,b' \n\n'
582,1042,busred,b' \n\n'
583,1044,busorange,b' \n\n'
584,1046,motorcycleorange,b' \n\n'
585,1047,truckwhite,b' \n\n'
586,1048,motorcycleorange,b' \n\n'
587,1050,buswhite,b'\xe2\x80\x94E\xe2\x80\x98H\xe2\x80\x98;$47f2!9\xef\xac\x81Zul1.E\xc2\xab\xe2\x80\x99:\xe2\x80\x99: \\o3awr-\n\n'
588,1051,truckwhite,b''
589,1052,motorcycleblue,b'.E==;:a%:2oaz.m-\xc2\xabaa 10324:\xc2\xbb-\n\n'
590,1058,busorange,b''
591,1058,motorcyclegreen,b''
592,1062,busorange,b''
593,1067,busblue,b' \n\n'
594,1069,busblue,b' \n\n'
595,1072,busblue,b' \n\n'
596,1073,buswhite,b' \n\n'
597,1074,carwhite,"b'LEE\xc2\xa2.\xe2\x80\x98:l;T-.\xe2\x80\x98?:\xe2\x80\x98""a\'!I5\'\xef\xac\x81s\'.4.Li\xe2\x80\x98;4\xe2\x80\x99:\xe2\x80\x99: \n\n'"
598,1075,truckorange,b' \n\n'
599,1079,carwhite,"b""LEE,E;Tf?\xc3\xa9?a\xc2\xa75'\xc2\xa7s?\xc2\xab.LE4\xe2\x80\x99:\xe2\x80\x99: \n\n \n\n"""
600,1082,carblue,b''
601,1083,carblue,b' \n\n'
602,1083,carwhite,b' \n\n'
603,1086,carblue,b' \n\n'
604,1088,motorcycleblue,b' \n\n'
605,1091,motorcycleblue,b' \n\n'
606,1100,busblue,b''
607,1102,motorcyclewhite,b' \n\n'
608,1103,carwhite,b' \n\n'
609,1104,motorcyclewhite,b''
610,1105,carblue,b''
611,1106,motorcyclewhite,b''
612,1110,motorcyclewhite,b''
613,1110,carblue,b''
614,1111,busblue,b''
615,1113,carwhite,b''
616,1114,motorcyclewhite,b''
617,1114,carwhite,b''
618,1118,motorcyclered,b''
619,1118,busblue,b''
620,1122,carblue,b''
621,1126,carblue,b''
622,1131,carblue,b''
623,1131,motorcyclewhite,b''
624,1131,carblue,b''
625,1134,carwhite,b''
626,1139,carwhite,b''
627,1147,carwhite,b' IEIEEMJEJ\n\n'
628,1148,carred,b''
629,1152,motorcyclewhite,b''
630,1152,carblue,b''
631,1152,carwhite,b''
632,1153,carwhite,b''
633,1153,carwhite,b''
634,1155,carblue,b''
635,1156,motorcyclewhite,b' \n\n'
636,1162,carwhite,"b'\\Q,\n\n4\xc2\xa7\xc2\xa7 \xe2\x80\x98\n\xe2\x80\x9cI3\n. Rm\n\n'"
637,1163,truckwhite,"b'$33 =Z\xc2\xa7\'\xc2\xa7ZelH.*\xe2\x80\x99:\xe2\x80\x99: \xe2\x80\x99\\\'3I3\xc2\xa3\xe2\x80\x98E"";.,""\xc2\xa7!1\n\n'"
638,1166,carwhite,"b'$33 Z\xc2\xa75\xef\xac\x81Z.al\\.i4*:\xe2\x80\x98: \xe2\x80\x99\\\'3I3\'\xc2\xa3\xe2\x80\x98E"";.,""\xc2\xa7!1\n\n'"
639,1168,truckwhite,"b'$33 E\xc2\xa75\xef\xac\x81Z.al\\.\xe2\x80\x9cE4\xe2\x80\x99:\xe2\x80\x98: \xe2\x80\x99\\\'3I3\'1\xe2\x80\x98E"";.,""\xc2\xa7!1\n\n'"
640,1169,carwhite,"b'$33 E\xc2\xa75\xef\xac\x81;?.al\\.\xe2\x80\x9ci4\xe2\x80\x99:\xe2\x80\x98: \xe2\x80\x99l\'3I31\xe2\x80\x98E"";.,""\xc2\xa7!1\n\n'"
641,1173,carwhite,"b'EM .E\xc2\xa7=""\xef\xac\x81ZeLf.4\xe2\x80\x99:\xe2\x80\x99: \xe2\x80\x99l\'3I3i3@""m"".!1\n\n'"
642,1175,carwhite,"b'EM ..Z\xc2\xa7=""\xef\xac\x81ZeLf.*\xe2\x80\x99:\xe2\x80\x99: \n\n'"
643,1182,motorcycleblue,"b""LE\xc2\xa71'iZ\xef\xac\x82EZel!\xc2\xa3i*\xc2\xa7: \\EI.3\xc2\xa31@'m-\xe2\x80\x98.91\n\n"""
644,1184,motorcycleblue,"b'L$\xc2\xb0.7\xc2\xab\xe2\x80\x98.,5;\':\xe2\x80\x9dg\xe2\x80\x9c\xc3\xa9"",l=""E\xc2\xa5\xe2\x80\x99T-ull;\'l*\xe2\x80\x99:\xe2\x80\x98: \xe2\x80\x98\\\n\n'"
645,1189,motorcycleblue,b''
646,1190,carblue,b''
647,1190,carwhite,b''
648,1193,carwhite,b' \n\n'
649,1194,motorcycleblue,b'   \n\n'
650,1203,motorcycleblue,b' \n\n'
651,1209,carwhite,b' \n\n'
652,1219,motorcycleblue,b' \n\n'
653,1222,carblue,b' \n\n'
654,1234,motorcyclered,b'\xe2\x80\x98-EE%\xc3\xa9I%:29az.L~\n\n\xe2\x80\x98E\xe2\x80\x99: l\xef\xac\x81\xef\xac\x81\xef\xac\x82uggwag\n\n'
655,1236,carwhite,b' \n\n'
656,1238,motorcyclered,b' \n\n'
657,1240,motorcycleblue,"b""LE\xc2\xa7E\xc2\xa5:Z\xe2\x80\x99:!9\xc2\xa7%\\\\\n\nH.\n\nE\xe2\x80\x98: '\\ \n\n"""
658,1243,motorcycleblue,"b""LE\xc2\xa7Ef3\xc2\xa79\xc2\xa7s?\xc2\xbbT.\\\\.\n\nI\n\n*3: '\\'37?fi4'\xef\xac\x81f-.,\xe2\x80\x9c3\n\n"""
659,1244,motorcycleblue,b'L\xef\xac\x81ii\xc3\xa9i\xef\xac\x81zsmu.\n\n\xe2\x80\x98*3: lfifitdaagi-\xc2\xa33113\n\n'
660,1246,motorcycleblue,"b'LEEEE\xe2\x80\x98?-"",1=""\xc2\xa7Z.\\\\.\xe2\x80\x98E<\xe2\x80\x99:\xe2\x80\x99: \'\\U$\xef\xac\x82Ezf-\xc2\xa354\n\n'"
661,1249,motorcyclewhite,b' \n\n'
662,1249,motorcycleblue,b' \n\n'
663,1249,carwhite,b' \n\n'
664,1257,buswhite,b' \n\n'
665,1260,carwhite,b' \n\n'
666,1260,carblue,b' \n\n'
667,1260,motorcycleblue,b' \n\n'
668,1261,motorcycleblue,b' \n\n'
669,1263,motorcycleblue,b' \n\n'
670,1265,motorcyclewhite,b' \n\n'
671,1266,carwhite,b' \n\n'
672,1270,carwhite,b' \n\n'
673,1271,carred,b' \n\n'
674,1272,motorcycleblue,b' \n\n'
675,1272,carwhite,b' \n\n'
676,1273,busorange,b' \n\n'
677,1273,buswhite,b' \n\n'
678,1274,motorcycleblue,b' \n\n'
679,1275,motorcycleblue,b' \n\n'
680,1276,carwhite,b' \n\n'
681,1276,truckwhite,b' \n\n'
682,1277,buswhite,b' \n\n'
683,1278,busorange,b' \n\n'
684,1278,carwhite,b' \n\n'
685,1290,motorcyclewhite,b' \n\n'
686,1296,motorcyclewhite,b' \n\n'
687,1296,carwhite,b' \n\n'
688,1299,buswhite,b' \n\n'
689,1301,motorcycleblue,b' \n\n'
690,1305,motorcycleblue,b''
691,1305,carwhite,b''
692,1310,buswhite,b' \n\n'
693,1311,motorcyclewhite,b''
694,1317,motorcyclewhite,b' \n\n'
695,1320,carwhite,b' \n\n'
696,1322,motorcyclewhite,b' \n\n'
697,1323,truckwhite,b' \n\n'
698,1323,buswhite,b' \n\n'
699,1323,truckwhite,b' \n\n'
700,1325,motorcycleblue,b' \n\n'
701,1326,motorcycleblue,b' \n\n'
702,1328,truckblue,b' \n\n'
703,1333,motorcyclewhite,b' \n\n'
704,1333,motorcycleblue,b' \n\n'
705,1334,motorcyclewhite,b' \n\n'
706,1337,motorcyclewhite,b' \n\n'
707,1340,motorcyclewhite,b' \n\n'
708,1340,motorcyclewhite,b' \n\n'
709,1342,motorcyclewhite,b' \n\n'
710,1343,motorcycleblue,b' \n\n'
711,1345,motorcyclewhite,b' \n\n'
712,1345,motorcycleblue,b' \n\n'
713,1348,motorcyclewhite,b' \n\n'
714,1350,motorcyclewhite,b' \n\n'
715,1352,motorcycleblue,b' \n\n'
716,1352,motorcyclered,b' \n\n'
717,1357,motorcyclewhite,b' \n\n'
718,1358,carblue,b' \n\n'
719,1358,buswhite,b' \n\n'
720,1360,carwhite,b' \n\n'
721,1360,truckwhite,b' \n\n'
722,1360,motorcycleblue,b' \n\n'
723,1362,motorcycleblue,b' \n\n'
724,1364,motorcyclewhite,b' \n\n'
725,1366,motorcycleblue,b' \n\n'
726,1369,motorcyclewhite,b' \n\n'
727,1370,truckwhite,b' \n\n'
728,1373,buswhite,b' \n\n'
729,1373,truckwhite,b' \n\n'
730,1374,truckwhite,b' \n\n'
731,1381,busblue,b' \n\n'
732,1382,carwhite,"b""i_EE\xc2\xa7i'\xef\xac\x81Z0\xef\xac\x81s3\xc2\xbbL3\xe2\x80\x98?.4\xe2\x80\x99:\xe2\x80\x99: '\\'33i\xe2\x80\x98E.\xe2\x80\x98-Iii\n\n"""
733,1389,motorcyclered,b' \n\n'
734,1390,motorcycleblue,b' \n\n'
735,1397,motorcyclewhite,b''
736,1401,motorcycleblue,b' \n\n'
737,1402,busorange,b' \n\n'
738,1404,busorange,b' \n\n'
739,1406,carwhite,b'\n\n\xe2\x80\x98E\xe2\x80\x99: \\ \xef\xac\x82\n\n'
740,1406,truckwhite,b'\n\n\xe2\x80\x98E\xe2\x80\x99: \\ \xef\xac\x82\n\n'
741,1407,busorange,"b""L\xef\xac\x81E34':\xe2\x82\xacE9\xef\xac\x81Z.iLi4\xe2\x80\x99:\xe2\x80\x99: \\ \xef\xac\x82\n\n"""
742,1409,motorcyclewhite,"b""L\xef\xac\x81?.E4':\xe2\x80\x98-E,!5'\xef\xac\x81,Z.H.4\xe2\x80\x99:\xe2\x80\x99: \\ \xef\xac\x82\n\n"""
743,1410,busorange,b' \n\n'
744,1411,motorcycleblue,b'L\xef\xac\x81\xef\xac\x81\xef\xac\x81\xc3\xa9ii\xef\xac\x81\xef\xac\x82\xef\xac\x81gui\xc3\xa9ii\xef\xac\x81s \\ \xef\xac\x82\n\n'
745,1415,motorcycleblue,b'L\xef\xac\x81i\xef\xac\x81\xc3\xa9ii\xef\xac\x81\xef\xac\x82\xef\xac\x81gul\xc3\xa9ii\xef\xac\x81s \\ \xef\xac\x82\n\n'
746,1420,truckwhite,"b""L\xef\xac\x81iiti-E\xef\xac\x82\xef\xac\x81\xef\xac\x81ul\xc3\xa9ii\xef\xac\x81s '\\9.3i\xe2\x80\x98@\xef\xac\x81.=.i\n\n"""
747,1422,motorcycleblue,b'L\xef\xac\x81i\xef\xac\x81i\xef\xac\x81\xef\xac\x81\xef\xac\x82\xef\xac\x81\xef\xac\x81u\xef\xac\x81\xc3\xa9ii\xef\xac\x81a \\ \xef\xac\x82\n\n'
748,1422,motorcycleblue,b'L\xef\xac\x81i\xef\xac\x81i\xef\xac\x81\xef\xac\x81\xef\xac\x82\xef\xac\x81\xef\xac\x81u\xef\xac\x81\xc3\xa9ii\xef\xac\x81a \\ \xef\xac\x82\n\n'
749,1422,carwhite,b'L\xef\xac\x81i\xef\xac\x81i\xef\xac\x81\xef\xac\x81\xef\xac\x82\xef\xac\x81\xef\xac\x81u\xef\xac\x81\xc3\xa9ii\xef\xac\x81a \\ \xef\xac\x82\n\n'
750,1422,motorcyclewhite,b'L\xef\xac\x81i\xef\xac\x81i\xef\xac\x81\xef\xac\x81\xef\xac\x82\xef\xac\x81\xef\xac\x81u\xef\xac\x81\xc3\xa9ii\xef\xac\x81a \\ \xef\xac\x82\n\n'
751,1423,motorcycleblue,b'L\xef\xac\x81i\xef\xac\x81i\xef\xac\x81\xef\xac\x81\xef\xac\x82\xef\xac\x81\xef\xac\x81uk\xc3\xa9ii\xef\xac\x81a \\ \xef\xac\x82\n\n'
752,1423,motorcycleblue,b'L\xef\xac\x81i\xef\xac\x81i\xef\xac\x81\xef\xac\x81\xef\xac\x82\xef\xac\x81\xef\xac\x81uk\xc3\xa9ii\xef\xac\x81a \\ \xef\xac\x82\n\n'
753,1424,motorcycleblue,b'L\xef\xac\x81i\xef\xac\x81i\xef\xac\x81\xef\xac\x81\xef\xac\x82\xef\xac\x81\xef\xac\x81uk\xc3\xa9ii\xef\xac\x81a \\ \xef\xac\x82\n\n'
754,1425,motorcycleblue,"b'LEEEEE-7\xc3\xa9\xe2\x80\x98!9\xc2\xa7s,3uR\xc2\xa7i4\xe2\x80\x99:\xe2\x80\x99: L\\ \xef\xac\x82\n\n'"
755,1428,motorcycleblue,"b""LEEE\xc2\xa3':\xe2\x82\xacE0\xc2\xa7,ZuR.\xe2\x80\x9df.4\xe2\x80\x99:\xe2\x80\x99: \\ E\n\n"""
756,1429,motorcyclewhite,"b""!$EE\xc2\xa3':\xe2\x82\xacE0\xc2\xa7,ZuR.\xe2\x80\x9df.4\xe2\x80\x99:\xe2\x80\x99: \\ E\n\n"""
757,1430,motorcyclewhite,b' \n\n'
758,1431,motorcyclewhite,b' \n\n'
759,1431,motorcycleblue,b' \n\n'
760,1432,motorcyclewhite,b''
761,1435,motorcyclewhite,b''
762,1435,motorcycleblue,b''
763,1438,motorcyclered,b''
764,1439,truckwhite,b''
765,1441,motorcyclewhite,b''
766,1441,motorcyclewhite,b''
767,1441,truckwhite,b''
768,1442,motorcyclewhite,b''
769,1443,motorcyclewhite,b''
770,1443,motorcycleblue,b''
771,1443,motorcycleblue,b''
772,1444,carblue,b''
773,1444,truckwhite,b''
774,1446,motorcyclewhite,b''
775,1449,motorcycleblue,b''
776,1450,motorcyclewhite,b''
777,1451,truckwhite,b''
778,1453,motorcyclewhite,b' \n\n'
779,1453,motorcycleblue,b' \n\n'
780,1454,truckwhite,b' \n\n'
781,1456,motorcyclewhite,b' \n\n'
782,1471,carwhite,b'.Eae1a:2oa3.a;:\xc2\xaba; \\-21314-gigs:\n\n'
783,1474,carwhite,b''
784,1476,carwhite,b''
785,1479,motorcycleblue,b' \n\n'
786,1483,motorcycleblue,b''
787,1485,motorcycleblue,b''
788,1487,motorcyclered,b''
789,1488,motorcycleblue,b''
790,1488,motorcyclewhite,b''
791,1493,motorcycleblue,b' \n\n'
792,1494,motorcycleblue,b' \n\n'
793,1496,motorcyclegreen,b' \n\n'
794,1497,carblue,b' \n\n'
795,1499,carblue,b' \n\n'
796,1500,carwhite,b''
797,1501,motorcycleblue,b''
798,1501,motorcyclewhite,b''
799,1502,carblue,b''
800,1503,carblue,b' \n\n'
801,1506,motorcycleblue,b' \n\n'
802,1506,carwhite,b' \n\n'
803,1509,busblue,b'LKE33-\xe2\x80\x9920\xef\xac\x81s?s\xc2\xa5\\.\xc2\xabi4\xe2\x80\x99:\xe2\x80\x99: \\ |\n\n'
804,1512,carwhite,b' \n\n'
805,1515,carwhite,b' \n\n'
806,1515,carblue,b' \n\n'
807,1518,motorcycleblue,b' \n\n'
808,1519,motorcycleblue,b' \n\n'
809,1519,motorcycleblue,b' \n\n'
810,1519,carwhite,b' \n\n'
811,1520,truckorange,b' \n\n'
812,1525,motorcyclewhite,b' \n\n'
813,1525,truckblue,b' \n\n'
814,1525,truckorange,b' \n\n'
815,1528,truckorange,b' \n\n'
816,1528,motorcycleblue,b' \n\n'
817,1528,motorcyclered,b' \n\n'
818,1529,carblue,b' \n\n'
819,1530,motorcyclewhite,b''
820,1530,motorcyclered,b''
821,1531,motorcycleblue,b''
822,1531,motorcyclered,b''
823,1534,truckorange,b' \n\n'
824,1538,carwhite,b' \n\n'
825,1540,motorcycleblue,b' \n\n'
826,1541,motorcyclewhite,b' \n\n'
827,1543,carwhite,b' \n\n'
828,1543,motorcycleblue,b' \n\n'
829,1548,carwhite,b' \n\n'
830,1557,motorcycleblue,b' \n\n'
831,1558,carwhite,b' \n\n'
832,1559,motorcycleblue,b' \n\n'
833,1560,truckwhite,b' \n\n'
834,1567,truckwhite,b' \n\n'
835,1569,motorcyclewhite,b' \n\n'
836,1572,motorcyclewhite,b' \n\n'
837,1575,buswhite,b' \n\n.- 7 4?: l\xef\xac\x81\xef\xac\x81\xef\xac\x82ugsigg\n\n'
838,1580,motorcyclewhite,b' \n\n'
839,1582,carblue,b' \n\n'
840,1589,motorcyclewhite,b' \n\n'
841,1591,motorcyclewhite,b' \n\n'
842,1592,motorcycleblue,b' \n\n'
843,1592,busblue,b' \n\n'
844,1594,busblue,"b' \n\n315%\xe2\x80\x99:-\'u1l\\;i\'gV\xe2\x80\x99:\xe2\x80\x98:.l\xc2\xa3!TT\xc2\xa3\xe2\x80\x98.=\xef\xac\x81i"";\xc2\xa5L!\n\n'"
845,1597,motorcycleblue,b' \n\n'
846,1601,carwhite,b' \n\n'
847,1604,buswhite,b' \n\n'
848,1604,motorcycleblue,b' \n\n'
849,1606,busorange,b' \n\n'
850,1606,carblue,b' \n\n'
851,1606,busblue,b' \n\n'
852,1607,carblue,b' \n\n'
853,1608,busblue,b' \n\n'
854,1608,motorcycleblue,b' \n\n'
855,1609,truckwhite,b' \n\n'
856,1611,truckwhite,b' \n\n'
857,1612,carblue,b'   \n\n'
858,1613,truckred,b' \n\n'
859,1614,truckwhite,b' \n\n'
860,1614,motorcycleblue,b' \n\n'
861,1615,truckwhite,b'   \n\n'
862,1616,buswhite,b' \n\n'
863,1620,motorcycleblue,b' \n\n'
864,1621,motorcycleblue,b' \n\n'
865,1622,buswhite,b' \n\nI \n\n'
866,1623,motorcycleblue,b' \n\n'
867,1624,motorcycleblue,b' \n\n'
868,1624,motorcyclewhite,b' \n\n'
869,1624,motorcycleorange,b' \n\n'
870,1627,busred,b' \n\n'
871,1628,truckwhite,b' \n\n'
872,1628,motorcyclered,b' \n\n'
873,1628,motorcyclewhite,b' \n\n'
874,1629,motorcycleblue,b' \n\n'
875,1630,motorcyclered,b' \n\n'
876,1632,motorcyclered,b' \n\n'
877,1635,truckblue,b' \n\n'
878,1635,motorcyclewhite,b' \n\n'
879,1636,busblue,b' \n\n'
880,1637,busred,b' \n\n'
881,1638,motorcycleblue,b' \n\n'
882,1638,motorcyclewhite,b' \n\n'
883,1641,busorange,b' \n\n'
884,1641,motorcyclewhite,b' \n\n'
885,1642,carwhite,b' \n\n'
886,1643,carwhite,b' \n\n'
887,1644,motorcycleblue,b' \n\n'
888,1645,truckorange,b' \n\n'
889,1645,motorcyclewhite,b' \n\n'
890,1646,carwhite,b' \n\n'
891,1646,motorcyclewhite,b' \n\n'
892,1646,motorcycleblue,b' \n\n'
893,1646,motorcyclewhite,b' \n\n'
894,1648,motorcyclewhite,b' \n\n'
895,1649,motorcyclewhite,b' \n\n'
896,1649,motorcyclewhite,b' \n\n'
897,1650,motorcycleblue,b' \n\n'
898,1650,motorcyclewhite,b' \n\n'
899,1652,motorcycleblue,b' \n\n'
900,1653,buswhite,b' \n\n'
901,1654,motorcycleblue,b' \n\n'
902,1654,truckorange,b' \n\n'
903,1655,motorcycleblue,b' \n\n'
904,1659,carwhite,b' \n\n'
905,1659,motorcycleblue,b' \n\n'
906,1659,busblue,b' \n\n'
907,1662,motorcycleblue,b' \n\n'
908,1664,motorcycleblue,b''
909,1664,truckred,b''
910,1666,truckwhite,b''
911,1668,carblue,b' \n\n'
912,1669,truckred,b' \n\n'
913,1670,motorcycleblue,"b'.13:@.!\xc2\xa7.%\xe2\x80\x9c\xc2\xa3:\';E\xe2\x80\x98.\xc2\xa3H\'E\xef\xac\x82I!E""*= Z5-:-M32\n\n'"
914,1673,truckblue,"b'A12:@.!;.""&\xc2\xa3:\xe2\x80\x98;E-AHEHIEIEE 254.37\n\n'"
915,1674,truckwhite,"b"".13r9.\xc2\xa7.%\xc2\xa3:';E-AHEHIEIEF 35 33?.\n\n"""
916,1674,motorcycleblue,"b"".13r9.\xc2\xa7.%\xc2\xa3:';E-AHEHIEIEF 35 33?.\n\n"""
917,1677,busorange,b''
918,1682,motorcyclegreen,"b"";z:I9.e\xc2\xa3'\xc2\xa3\xc2\xb0a.,E4\n\n"""
919,1683,carorange,b'A1z;e.e\xc2\xa3av2:2:-5\n\n \n\n'
920,1685,carblue,b' \n\n'
921,1685,carorange,b' \n\n'
922,1688,carwhite,b' \n\n'
923,1691,busorange,b' \n\n'
924,1691,motorcyclewhite,b' \n\n'
925,1692,motorcyclewhite,b' \n\n'
926,1692,motorcycleblue,b' \n\n'
927,1692,carblue,b' \n\n'
928,1693,motorcyclewhite,b' \n\n'
929,1693,carblue,b' \n\n'
930,1694,motorcycleblack,b' \n\n'
931,1696,motorcyclewhite,b' \n\n'
932,1696,carblue,b' \n\n'
933,1697,buswhite,b' \n\n'
934,1697,carblue,b' \n\n'
935,1698,motorcyclewhite,b' \n\n'
936,1702,carwhite,b' \n\n'
937,1703,motorcyclewhite,b' \n\n'
938,1704,motorcycleblack,b' \n\n'
939,1704,carwhite,b' \n\n'
940,1707,carwhite,b' \n\n'
941,1708,carwhite,b' \n\n'
942,1712,truckwhite,b' \n\n'
943,1713,motorcycleblue,b' \n\n'
944,1715,motorcyclewhite,b' \n\n'
945,1716,motorcycleblue,b' \n\n'
946,1720,motorcyclered,b' \n\n'
947,1720,carwhite,b' \n\n'
948,1721,buswhite,b' \n\n'
949,1725,truckwhite,b' \n\n'
950,1726,motorcycleblue,b' \n\n'
951,1727,carwhite,b' \n\n'
952,1727,carwhite,b' \n\n'
953,1728,carwhite,b' \n\n'
954,1729,carwhite,b' \n\n'
955,1731,motorcycleblue,b' \n\n'
956,1732,motorcycleorange,b''
957,1733,truckorange,b' \n\n'
958,1733,motorcyclewhite,b' \n\n'
959,1733,motorcycleblue,b' \n\n'
960,1733,motorcyclewhite,b' \n\n'
961,1734,carwhite,b' \n\n'
962,1734,carblue,b' \n\n'
963,1734,carwhite,b' \n\n'
964,1735,busorange,b'\xe2\x80\x98rm\n\n'
965,1736,motorcyclewhite,b' \n\n'
966,1737,motorcycleblue,b''
967,1737,carwhite,b''
968,1737,carblue,b''
969,1737,truckorange,b''
970,1739,truckwhite,b' \n\n'
971,1739,carblue,b' \n\n'
972,1739,carwhite,b' \n\n'
973,1741,cargreen,b' \n\n'
974,1742,motorcyclewhite,b' \n\n'
975,1743,motorcyclewhite,b' \n\n'
976,1744,carwhite,b' \n\n'
977,1747,motorcyclewhite,b' \n\n'
978,1747,truckwhite,b' \n\n'
979,1747,motorcycleblue,b' \n\n'
980,1749,carwhite,b' \n\n'
981,1750,carblue,b''
982,1756,truckwhite,b''
983,1757,carwhite,b''
984,1761,motorcycleblue,b''
985,1762,carblue,b''
986,1762,motorcyclewhite,b''
987,1763,carred,b' \n\n'
988,1763,motorcycleblue,b' \n\n'
989,1764,carblue,b''
990,1764,motorcyclewhite,b''
991,1765,motorcyclewhite,b' \n\n'
992,1766,carwhite,b' \n\n'
993,1767,motorcyclered,b' \n\n'
994,1767,motorcyclewhite,b' \n\n'
995,1769,motorcyclered,b' \n\n'
996,1770,motorcycleblue,b''
997,1771,motorcyclewhite,b''
998,1773,motorcycleblue,b' \n\n'
999,1773,carblue,b' \n\n'
1000,1774,motorcycleblue,b' \n\n'
1001,1776,carred,b' \n\n'
1002,1776,carwhite,b' \n\n'
1003,1776,motorcyclewhite,b' \n\n'
1004,1776,carred,b' \n\n'
1005,1777,carwhite,b' \n\n'
1006,1778,motorcyclewhite,b' \n\n'
1007,1780,motorcyclered,b' \n\n'
1008,1780,motorcyclered,b' \n\n'
1009,1786,motorcyclered,b' \n\n'
1010,1786,busblue,b' \n\n'
1011,1786,truckwhite,b' \n\n'
1012,1787,carwhite,b' \n\n'
1013,1788,carred,b' \n\n'
1014,1788,truckwhite,b' \n\n'
1015,1789,motorcyclewhite,b' \n\n'
1016,1790,busorange,b' \n\n'
1017,1790,motorcyclewhite,b' \n\n'
1018,1791,motorcyclewhite,b' \n\n'
1019,1796,motorcycleorange,b' \n\n'
1020,1797,carwhite,b' \n\n'
1021,1799,truckorange,b' \n\n'
1022,1801,truckwhite,b' \n\n'
1023,1816,truckblue,b' \n\n'
1024,1818,truckblue,b' \n\n'
1025,1822,motorcycleblue,b''
1026,1823,motorcyclewhite,b' \n\n'
1027,1825,motorcyclewhite,b' \n\n'
1028,1827,carwhite,b' \n\n'
1029,1827,carwhite,b' \n\n'
1030,1829,truckwhite,b''
1031,1830,motorcycleblue,b' \n\n'
1032,1841,carwhite,b' \n\n'
1033,1842,busblue,b''
1034,1843,truckblue,b''
1035,1847,busblue,b' \n\n'
1036,1847,motorcyclewhite,b' \n\n'
1037,1850,motorcyclewhite,b' \n\n'
1038,1857,busorange,b' \n\n'
1039,1871,carwhite,b' \n\n'
1040,1878,carwhite,b' \n\n'
1041,1879,carblue,b'   \n\n'
1042,1879,busblue,b'   \n\n'
1043,1882,carwhite,b' \n\n'
1044,1886,truckwhite,b' \n\n'
1045,1889,carwhite,b' \n\n'
1046,1891,truckblue,b' \n\n'
1047,1892,motorcyclewhite,b' \n\n'
1048,1893,motorcyclewhite,b' \n\n'
1049,1898,motorcycleblue,b' \n\n'
1050,1904,carblue,"b'LE5JiT-.*;ZI5\'i1.?-\'eL7\xe2\x80\x99\n\n5:\xe2\x80\x98: ""\\  ,\xef\xac\x82\n\n'"
1051,1907,motorcyclewhite,b'\n\n5:\xe2\x80\x99: \xe2\x80\x99\\  ;\xef\xac\x82\n\n'
1052,1908,carwhite,b'\n\n<3: 3\\ mg\n\n'
1053,1908,carblue,b'\n\n<3: 3\\ mg\n\n'
1054,1921,motorcyclewhite,b''
1055,1925,motorcyclewhite,b''
1056,1928,carwhite,b''
1057,1928,carwhite,b''
1058,1931,carblue,b' \n\n'
1059,1933,carblue,b''
1060,1933,motorcycleblue,b''
1061,1936,motorcycleblue,b''
1062,1937,carwhite,b''
1063,1939,motorcycleblue,b''
1064,1939,truckwhite,b''
1065,1941,motorcyclewhite,b' \n\n'
1066,1943,truckwhite,b' \n\n'
1067,1946,carblue,b''
1068,1948,busorange,b''
1069,1949,carwhite,b''
1070,1950,motorcycleblue,b''
1071,1950,busorange,b''
1072,1952,carblue,b''
1073,1957,carred,b''
1074,1957,busorange,b''
1075,1957,busblue,b''
1076,1960,carblue,b''
1077,1962,carwhite,b''
1078,1965,carwhite,b' \n\n'
1079,1966,carblue,b' \n\n'
1080,1968,motorcyclewhite,b' \n\n'
1081,1970,carwhite,b' \n\n'
1082,1970,motorcyclewhite,b' \n\n'
1083,1971,carblue,b' \n\n'
1084,1971,motorcycleblue,b' \n\n'
1085,1974,motorcycleblue,b' \n\n'
1086,1974,carwhite,b' \n\n'
1087,1975,truckwhite,b''
1088,1976,carwhite,b''
1089,1976,motorcyclered,b''
1090,1976,carblue,b''
1091,1977,carwhite,b''
1092,1985,motorcyclewhite,b' \n\n'
1093,1986,carwhite,b' \n\n'
1094,1987,motorcyclewhite,b' \n\n'
1095,1987,carwhite,b' \n\n'
1096,1988,carwhite,b' \n\n'
1097,1990,carwhite,b' \n\n'
1098,1992,carwhite,b' \n\n'
1099,1994,carwhite,b' \n\n'
1100,1994,carwhite,b' \n\n'
1101,1997,truckwhite,b' \n\n'
1102,1997,carwhite,b' \n\n'
1103,2000,carblue,b' \n\n'
1104,2002,carblue,b' \n\n'
1105,2005,carwhite,b' \n\n'
1106,2006,motorcycleblue,b' \n\n'
1107,2006,carblue,b' \n\n'
1108,2008,carwhite,b' \n\n'
1109,2008,truckwhite,b' \n\n'
1110,2009,motorcycleorange,b' \n\n'
1111,2010,carwhite,b' \n\n'
1112,2011,carwhite,b' \n\n'
1113,2013,carblue,b' \n\n'
1114,2013,carblue,b' \n\n'
1115,2014,carwhite,b' \n\n'
1116,2014,carwhite,b' \n\n'
1117,2015,carwhite,b' \n\n'
1118,2018,carred,b' \n\n'
1119,2019,carwhite,b' \n\n'
1120,2019,carwhite,b' \n\n'
1121,2022,carwhite,b' \n\n'
1122,2025,carwhite,b' \n\n'
1123,2025,carwhite,b' \n\n'
1124,2026,carblue,b' \n\n'
1125,2026,carwhite,b' \n\n'
1126,2028,carwhite,b' \n\n'
1127,2029,carred,b' \n\n'
1128,2030,carwhite,b' \n\n'
1129,2032,motorcyclewhite,b' \n\n'
1130,2033,carred,b' \n\n'
1131,2037,motorcyclewhite,b' \n\n'
1132,2038,carwhite,b' \n\n'
1133,2043,carwhite,b' \n\n'
1134,2043,motorcycleblue,b' \n\n'
1135,2043,carwhite,b' \n\n'
1136,2044,truckwhite,b' \n\n'
1137,2046,carwhite,b'J1\n\n \n\nE\n\n \n\n'
1138,2056,motorcyclewhite,b' \n\n'
1139,2058,carwhite,b' \n\n'
1140,2060,truckblue,b' \n\n\n\n'
1141,2062,carwhite,b'   \n\n'
1142,2064,motorcyclewhite,b'   \n\n'
1143,2068,carblue,b' \n\n'
1144,2070,carwhite,b' \n\n'
1145,2075,motorcycleblue,b' \n\n'
1146,2075,motorcycleblue,b' \n\n'
1147,2075,carblue,b' \n\n'
1148,2076,truckwhite,b' \n\n'
1149,2079,carblue,b' \n\n'
1150,2079,carblue,b' \n\n'
1151,2083,truckwhite,b' \n\n'
1152,2084,motorcyclewhite,b' \n\n'
1153,2086,truckwhite,b' \n\n'
1154,2086,carwhite,b' \n\n'
1155,2087,motorcycleblue,b' \n\n'
1156,2088,truckwhite,b' \n\n'
1157,2088,carblue,b' \n\n'
1158,2088,motorcyclewhite,b' \n\n'
1159,2091,carblue,b' \n\n'
1160,2091,truckwhite,b' \n\n'
1161,2092,motorcyclewhite,b' \n\n'
1162,2094,motorcyclewhite,b' \n\n\n\n'
1163,2094,motorcycleblue,b' \n\n\n\n'
1164,2095,carblue,b' \n\n\n\n'
1165,2096,motorcycleblue,b' \n\n'
1166,2098,motorcycleblue,b''
1167,2104,carred,b' \n\n'
1168,2109,truckwhite,b' \n\n'
1169,2115,carblue,b' \n\n'
1170,2122,carwhite,b' \n\n'
1171,2124,carwhite,b' \n\n'
1172,2125,motorcyclewhite,b' \n\n'
1173,2128,motorcycleblue,b' \n\n'
1174,2131,motorcycleblue,b' \n\n'
1175,2132,carwhite,b' \n\n'
1176,2132,truckwhite,b' \n\n'
1177,2134,truckwhite,b' \n\n'
1178,2137,truckwhite,b' \n\n'
1179,2138,motorcycleblue,b' \n\n'
1180,2143,motorcyclewhite,b' \n\n'
1181,2144,motorcycleblue,b' \n\n'
1182,2145,truckwhite,b' \n\n'
1183,2146,motorcycleblue,b' \n\n'
1184,2147,carwhite,b' \n\n'
1185,2148,motorcycleblue,b' \n\n'
1186,2149,motorcycleblue,b' \n\n'
1187,2149,motorcycleblue,b' \n\n'
1188,2150,motorcycleblue,b' \n\n'
1189,2151,carred,b' \n\n'
1190,2151,carblue,b' \n\n'
1191,2152,motorcyclegreen,b' \n\n'
1192,2155,carwhite,b' \n\n'
1193,2156,motorcycleorange,b' \n\n'
1194,2158,carwhite,b' \n\n'
1195,2158,motorcycleorange,b' \n\n'
1196,2160,motorcycleblue,b' \n\n'
1197,2160,carwhite,b' \n\n'
1198,2161,truckwhite,b' \n\n'
1199,2163,motorcyclegreen,b' \n\n'
1200,2163,truckwhite,b' \n\n'
1201,2164,motorcyclewhite,b' \n\n'
1202,2164,motorcyclered,b' \n\n'
1203,2165,carorange,b' \n\n'
1204,2166,motorcycleblack,b' \n\n'
1205,2168,motorcyclewhite,b' \n\n'
1206,2170,motorcycleblue,b' \n\n'
1207,2171,truckwhite,b' \n\n'
1208,2176,truckwhite,b' \n\n'
1209,2176,motorcyclewhite,b' \n\n'
1210,2176,motorcycleorange,b' \n\n'
1211,2181,motorcycleorange,b' \n\n'
1212,2186,motorcycleblue,b' \n\n'
