,file,type,color,frame_num
0,0_0.jpg,car,red,0
1,0_1.jpg,car,red,0
2,0_2.jpg,motorcycle,red,0
3,0_3.jpg,truck,red,0
4,0_4.jpg,bus,red,0
5,0_5.jpg,bus,red,0
6,0_8.jpg,motorcycle,red,0
7,0_9.jpg,bus,red,0
8,0_11.jpg,car,red,0
9,0_12.jpg,car,red,0
10,100_0.jpg,car,red,100
11,100_1.jpg,bus,red,100
12,100_2.jpg,bus,red,100
13,100_3.jpg,car,red,100
14,100_4.jpg,bus,red,100
15,100_5.jpg,car,red,100
16,100_6.jpg,motorcycle,red,100
17,100_7.jpg,bus,red,100
18,100_11.jpg,motorcycle,red,100
19,100_14.jpg,car,red,100
20,100_15.jpg,car,red,100
21,200_0.jpg,bus,red,200
22,200_1.jpg,car,red,200
23,200_2.jpg,truck,red,200
24,200_4.jpg,car,red,200
25,200_5.jpg,bus,red,200
26,200_7.jpg,car,red,200
27,200_9.jpg,truck,red,200
28,200_10.jpg,truck,red,200
29,200_11.jpg,car,red,200
30,200_12.jpg,car,red,200
31,200_14.jpg,car,red,200
32,200_15.jpg,car,red,200
33,300_1.jpg,truck,red,300
34,300_2.jpg,car,red,300
35,300_3.jpg,car,red,300
36,300_5.jpg,bus,red,300
37,300_6.jpg,car,red,300
38,300_7.jpg,car,red,300
39,300_8.jpg,truck,red,300
40,300_9.jpg,car,red,300
41,300_10.jpg,motorcycle,red,300
42,300_11.jpg,car,red,300
43,400_0.jpg,car,red,400
44,400_6.jpg,truck,red,400
45,400_7.jpg,car,red,400
46,400_8.jpg,car,red,400
47,400_10.jpg,car,red,400
48,400_11.jpg,car,red,400
49,500_1.jpg,motorcycle,red,500
50,500_2.jpg,car,red,500
51,500_3.jpg,motorcycle,red,500
52,500_4.jpg,car,red,500
53,500_6.jpg,truck,red,500
54,500_8.jpg,car,red,500
55,500_9.jpg,motorcycle,red,500
56,500_15.jpg,car,red,500
57,600_1.jpg,car,red,600
58,600_2.jpg,car,red,600
59,600_5.jpg,car,red,600
60,600_6.jpg,car,red,600
61,600_7.jpg,car,red,600
62,600_8.jpg,bus,red,600
63,600_11.jpg,car,red,600
64,600_13.jpg,car,red,600
65,700_0.jpg,bus,red,700
66,700_1.jpg,car,red,700
67,700_6.jpg,bus,red,700
68,700_7.jpg,car,red,700
69,700_9.jpg,car,red,700
70,700_10.jpg,car,red,700
71,700_11.jpg,car,red,700
72,700_12.jpg,bus,red,700
73,700_13.jpg,truck,red,700
74,700_14.jpg,car,red,700
75,700_15.jpg,car,red,700
76,700_17.jpg,car,red,700
77,800_1.jpg,car,red,800
78,800_3.jpg,bus,red,800
79,800_7.jpg,truck,red,800
80,800_8.jpg,car,red,800
81,800_11.jpg,bus,red,800
82,800_12.jpg,car,red,800
83,900_1.jpg,truck,red,900
84,900_2.jpg,truck,red,900
85,900_3.jpg,truck,red,900
86,900_4.jpg,car,red,900
87,900_5.jpg,car,red,900
88,900_11.jpg,car,red,900
89,1000_0.jpg,car,red,1000
90,1000_2.jpg,truck,red,1000
91,1000_3.jpg,motorcycle,red,1000
92,1000_6.jpg,bus,red,1000
93,1000_7.jpg,car,red,1000
94,1000_8.jpg,car,red,1000
95,1000_9.jpg,car,red,1000
96,1000_10.jpg,car,red,1000
97,1000_13.jpg,car,red,1000
98,1100_0.jpg,car,red,1100
99,1100_1.jpg,car,red,1100
100,1100_3.jpg,truck,red,1100
101,1100_4.jpg,motorcycle,red,1100
102,1100_5.jpg,motorcycle,red,1100
103,1100_7.jpg,car,red,1100
104,1100_11.jpg,bus,red,1100
105,1200_0.jpg,car,red,1200
106,1200_2.jpg,car,red,1200
107,1200_5.jpg,truck,red,1200
108,1200_7.jpg,truck,red,1200
109,1200_8.jpg,truck,red,1200
110,1200_10.jpg,motorcycle,red,1200
111,1200_11.jpg,car,red,1200
112,1200_15.jpg,car,red,1200
113,1300_0.jpg,car,red,1300
114,1300_1.jpg,truck,red,1300
115,1300_3.jpg,truck,red,1300
116,1300_4.jpg,car,red,1300
117,1300_5.jpg,truck,red,1300
118,1300_8.jpg,car,red,1300
119,1300_9.jpg,bus,red,1300
120,1300_10.jpg,car,red,1300
121,1300_12.jpg,car,red,1300
122,1300_13.jpg,car,red,1300
123,1400_0.jpg,truck,red,1400
124,1400_1.jpg,car,red,1400
125,1400_2.jpg,truck,red,1400
126,1400_3.jpg,bus,red,1400
127,1400_5.jpg,truck,red,1400
128,1400_6.jpg,bus,red,1400
129,1400_8.jpg,bus,red,1400
130,1400_10.jpg,car,red,1400
131,1400_11.jpg,bus,red,1400
132,1500_0.jpg,car,red,1500
133,1500_1.jpg,car,red,1500
134,1500_3.jpg,truck,red,1500
135,1500_4.jpg,truck,red,1500
136,1500_5.jpg,car,red,1500
137,1500_6.jpg,bus,red,1500
138,1500_7.jpg,bus,red,1500
139,1600_0.jpg,car,red,1600
140,1600_1.jpg,car,red,1600
141,1600_2.jpg,truck,red,1600
142,1600_3.jpg,truck,red,1600
143,1600_4.jpg,bus,red,1600
144,1600_5.jpg,motorcycle,red,1600
145,1600_8.jpg,bus,red,1600
146,1600_12.jpg,truck,red,1600
147,1600_16.jpg,bus,red,1600
148,1700_1.jpg,truck,red,1700
149,1700_5.jpg,truck,red,1700
150,1700_7.jpg,car,red,1700
151,1700_8.jpg,car,red,1700
152,1700_9.jpg,truck,red,1700
153,1800_0.jpg,car,red,1800
154,1800_1.jpg,truck,red,1800
155,1800_2.jpg,truck,red,1800
156,1800_3.jpg,truck,red,1800
157,1800_5.jpg,truck,red,1800
158,1800_6.jpg,car,red,1800
159,1800_7.jpg,motorcycle,red,1800
160,1800_8.jpg,car,red,1800
161,1900_0.jpg,truck,red,1900
162,1900_2.jpg,car,red,1900
163,1900_3.jpg,truck,red,1900
164,1900_4.jpg,bus,red,1900
165,1900_5.jpg,truck,red,1900
166,1900_6.jpg,truck,red,1900
167,1900_7.jpg,car,red,1900
168,1900_8.jpg,car,red,1900
169,1900_9.jpg,car,red,1900
170,1900_11.jpg,car,red,1900
171,1900_12.jpg,car,red,1900
172,1900_13.jpg,car,red,1900
173,2000_0.jpg,car,red,2000
174,2000_2.jpg,car,red,2000
175,2000_3.jpg,motorcycle,red,2000
176,2000_4.jpg,truck,red,2000
177,2000_5.jpg,truck,red,2000
178,2000_6.jpg,motorcycle,red,2000
179,2000_7.jpg,motorcycle,red,2000
180,2000_9.jpg,car,red,2000
181,2000_10.jpg,truck,red,2000
182,2100_0.jpg,car,red,2100
183,2100_1.jpg,car,red,2100
184,2100_2.jpg,truck,red,2100
185,2100_3.jpg,car,red,2100
186,2100_4.jpg,truck,red,2100
187,2100_6.jpg,bus,red,2100
188,2100_8.jpg,truck,red,2100
189,2100_9.jpg,car,red,2100
190,2100_10.jpg,motorcycle,red,2100
191,2100_11.jpg,car,red,2100
192,2100_14.jpg,motorcycle,red,2100
193,2200_0.jpg,car,red,2200
194,2200_1.jpg,bus,red,2200
195,2200_2.jpg,truck,red,2200
196,2200_4.jpg,bus,red,2200
197,2300_0.jpg,motorcycle,red,2300
198,2300_2.jpg,car,red,2300
199,2300_3.jpg,truck,red,2300
200,2300_4.jpg,bus,red,2300
201,2300_5.jpg,truck,red,2300
202,2300_7.jpg,bus,red,2300
203,2300_9.jpg,bus,red,2300
204,2300_11.jpg,car,red,2300
205,2300_12.jpg,car,red,2300
206,2300_13.jpg,truck,red,2300
207,2400_0.jpg,car,red,2400
208,2400_1.jpg,car,red,2400
209,2400_2.jpg,car,red,2400
210,2400_3.jpg,car,red,2400
211,2400_4.jpg,bus,red,2400
212,2400_5.jpg,truck,red,2400
213,2400_7.jpg,car,red,2400
214,2400_8.jpg,truck,red,2400
215,2400_9.jpg,bus,red,2400
216,2400_10.jpg,bus,red,2400
217,2400_11.jpg,car,red,2400
218,2400_14.jpg,motorcycle,red,2400
219,2500_0.jpg,truck,red,2500
220,2500_1.jpg,car,red,2500
221,2500_3.jpg,truck,red,2500
222,2500_5.jpg,truck,red,2500
223,2500_6.jpg,truck,red,2500
224,2500_8.jpg,car,red,2500
225,2500_9.jpg,car,red,2500
226,2500_10.jpg,truck,red,2500
227,2600_0.jpg,truck,red,2600
228,2600_1.jpg,car,red,2600
229,2600_3.jpg,motorcycle,red,2600
230,2600_4.jpg,bus,red,2600
231,2600_5.jpg,truck,red,2600
232,2600_9.jpg,car,red,2600
233,2600_11.jpg,bus,red,2600
234,2700_0.jpg,car,red,2700
235,2700_1.jpg,car,red,2700
236,2700_2.jpg,car,red,2700
237,2700_4.jpg,truck,red,2700
238,2700_5.jpg,truck,red,2700
239,2700_6.jpg,bus,red,2700
240,2700_9.jpg,truck,red,2700
241,2800_0.jpg,car,red,2800
242,2800_4.jpg,truck,red,2800
243,2800_7.jpg,bus,red,2800
244,2800_8.jpg,bus,red,2800
245,2800_10.jpg,car,red,2800
246,2800_12.jpg,car,red,2800
247,2900_0.jpg,car,red,2900
248,2900_3.jpg,car,red,2900
249,2900_4.jpg,truck,red,2900
250,2900_5.jpg,bus,red,2900
251,2900_6.jpg,car,red,2900
252,2900_7.jpg,motorcycle,red,2900
253,2900_8.jpg,car,red,2900
254,2900_11.jpg,car,red,2900
255,2900_15.jpg,truck,red,2900
256,2900_17.jpg,car,red,2900
257,2900_18.jpg,car,red,2900
258,3000_0.jpg,truck,red,3000
259,3000_1.jpg,car,red,3000
260,3000_3.jpg,bus,red,3000
261,3000_7.jpg,car,red,3000
262,3000_9.jpg,motorcycle,red,3000
263,3000_11.jpg,car,red,3000
264,3000_13.jpg,bus,red,3000
265,3000_14.jpg,car,red,3000
266,3000_16.jpg,motorcycle,red,3000
267,3000_20.jpg,car,red,3000
268,3000_21.jpg,car,red,3000
269,3000_22.jpg,truck,red,3000
270,3000_24.jpg,truck,red,3000
271,3000_26.jpg,car,red,3000
272,3100_0.jpg,car,red,3100
273,3100_1.jpg,bus,red,3100
274,3100_3.jpg,car,red,3100
275,3100_5.jpg,bus,red,3100
276,3100_6.jpg,motorcycle,red,3100
277,3100_9.jpg,bus,red,3100
278,3100_10.jpg,car,red,3100
279,3100_11.jpg,car,red,3100
280,3100_17.jpg,car,red,3100
281,3200_1.jpg,bus,red,3200
282,3200_2.jpg,bus,red,3200
283,3200_3.jpg,car,red,3200
284,3200_6.jpg,car,red,3200
285,3200_9.jpg,car,red,3200
286,3200_10.jpg,motorcycle,red,3200
287,3200_11.jpg,truck,red,3200
288,3200_12.jpg,car,red,3200
289,3200_16.jpg,car,red,3200
290,3200_17.jpg,bus,red,3200
291,3200_18.jpg,car,red,3200
292,3200_19.jpg,car,red,3200
293,3200_20.jpg,bus,red,3200
294,3200_24.jpg,truck,red,3200
295,3300_0.jpg,car,red,3300
296,3300_3.jpg,bus,red,3300
297,3300_4.jpg,car,red,3300
298,3300_5.jpg,car,red,3300
299,3300_6.jpg,motorcycle,red,3300
300,3300_7.jpg,truck,red,3300
301,3300_8.jpg,truck,red,3300
302,3300_11.jpg,bus,red,3300
303,3300_13.jpg,car,red,3300
304,3300_14.jpg,motorcycle,red,3300
305,3400_0.jpg,bus,red,3400
306,3400_1.jpg,car,red,3400
307,3400_2.jpg,motorcycle,red,3400
308,3400_3.jpg,car,red,3400
309,3400_6.jpg,truck,red,3400
310,3400_10.jpg,car,red,3400
311,3400_13.jpg,car,red,3400
312,3400_14.jpg,bus,red,3400
313,3400_15.jpg,motorcycle,red,3400
314,3400_16.jpg,car,red,3400
315,3500_0.jpg,car,red,3500
316,3500_1.jpg,bus,red,3500
317,3500_2.jpg,bus,red,3500
318,3500_4.jpg,car,red,3500
319,3500_6.jpg,truck,red,3500
320,3500_14.jpg,car,red,3500
321,3500_15.jpg,truck,red,3500
322,3500_17.jpg,car,red,3500
323,3600_0.jpg,car,red,3600
324,3600_1.jpg,bus,red,3600
325,3600_4.jpg,bus,red,3600
326,3600_6.jpg,car,red,3600
327,3600_8.jpg,car,red,3600
328,3600_12.jpg,bus,red,3600
329,3600_15.jpg,car,red,3600
330,3600_18.jpg,car,red,3600
331,3700_2.jpg,car,red,3700
332,3700_3.jpg,bus,red,3700
333,3700_5.jpg,truck,red,3700
334,3700_7.jpg,car,red,3700
335,3700_8.jpg,motorcycle,red,3700
336,3700_9.jpg,truck,red,3700
337,3700_13.jpg,car,red,3700
338,3700_14.jpg,motorcycle,red,3700
339,3700_15.jpg,car,red,3700
340,3700_17.jpg,bus,red,3700
341,3800_0.jpg,car,red,3800
342,3800_2.jpg,car,red,3800
343,3800_3.jpg,bus,red,3800
344,3800_4.jpg,bus,red,3800
345,3800_6.jpg,motorcycle,red,3800
346,3800_7.jpg,car,red,3800
347,3800_14.jpg,car,red,3800
348,3800_17.jpg,car,red,3800
349,3800_18.jpg,bus,red,3800
350,3800_19.jpg,car,red,3800
351,3800_22.jpg,car,red,3800
352,3800_24.jpg,car,red,3800
353,3800_25.jpg,truck,red,3800
354,3800_26.jpg,car,red,3800
355,3800_27.jpg,bus,red,3800
356,3900_0.jpg,car,red,3900
357,3900_1.jpg,bus,red,3900
358,3900_2.jpg,car,red,3900
359,3900_4.jpg,car,red,3900
360,3900_5.jpg,bus,red,3900
361,3900_7.jpg,car,red,3900
362,3900_9.jpg,bus,red,3900
363,3900_12.jpg,truck,red,3900
364,3900_14.jpg,car,red,3900
365,3900_16.jpg,car,red,3900
366,3900_17.jpg,bus,red,3900
367,3900_19.jpg,car,red,3900
368,4000_0.jpg,car,red,4000
369,4000_1.jpg,car,red,4000
370,4000_2.jpg,car,red,4000
371,4000_3.jpg,car,red,4000
372,4000_5.jpg,car,red,4000
373,4000_11.jpg,truck,red,4000
374,4000_12.jpg,car,red,4000
375,4000_13.jpg,car,red,4000
376,4000_14.jpg,car,red,4000
377,4100_2.jpg,car,red,4100
378,4100_3.jpg,car,red,4100
379,4100_5.jpg,truck,red,4100
380,4100_6.jpg,truck,red,4100
381,4100_8.jpg,bus,red,4100
382,4100_10.jpg,motorcycle,red,4100
383,4100_11.jpg,bus,red,4100
384,4100_12.jpg,bus,red,4100
385,4100_14.jpg,car,red,4100
386,4100_15.jpg,truck,red,4100
387,4200_0.jpg,car,red,4200
388,4200_1.jpg,car,red,4200
389,4200_3.jpg,car,red,4200
390,4200_4.jpg,car,red,4200
391,4200_6.jpg,bus,red,4200
392,4200_7.jpg,truck,red,4200
393,4200_9.jpg,car,red,4200
394,4200_10.jpg,truck,red,4200
395,4200_11.jpg,bus,red,4200
396,4200_12.jpg,bus,red,4200
397,4300_0.jpg,car,red,4300
398,4300_2.jpg,bus,red,4300
399,4300_3.jpg,motorcycle,red,4300
400,4300_6.jpg,motorcycle,red,4300
401,4300_7.jpg,car,red,4300
402,4300_9.jpg,car,red,4300
403,4300_10.jpg,car,red,4300
404,4300_11.jpg,bus,red,4300
405,4300_14.jpg,car,red,4300
406,4400_0.jpg,car,red,4400
407,4400_2.jpg,truck,red,4400
408,4400_3.jpg,car,red,4400
409,4400_4.jpg,truck,red,4400
410,4400_7.jpg,car,red,4400
411,4400_8.jpg,truck,red,4400
412,4400_10.jpg,car,red,4400
413,4400_12.jpg,car,red,4400
414,4500_0.jpg,truck,red,4500
415,4500_2.jpg,car,red,4500
416,4500_3.jpg,car,red,4500
417,4500_5.jpg,car,red,4500
418,4500_6.jpg,truck,red,4500
419,4500_7.jpg,car,red,4500
420,4500_9.jpg,car,red,4500
421,4500_11.jpg,bus,red,4500
422,4500_15.jpg,car,red,4500
423,4600_0.jpg,car,red,4600
424,4600_1.jpg,car,red,4600
425,4600_2.jpg,car,red,4600
426,4600_4.jpg,car,red,4600
427,4600_6.jpg,truck,red,4600
428,4600_7.jpg,bus,red,4600
429,4600_11.jpg,truck,red,4600
430,4600_13.jpg,car,red,4600
431,4600_14.jpg,car,red,4600
432,4600_15.jpg,car,red,4600
433,4700_0.jpg,car,red,4700
434,4700_1.jpg,car,red,4700
435,4700_3.jpg,car,red,4700
436,4700_4.jpg,car,red,4700
437,4700_5.jpg,truck,red,4700
438,4700_9.jpg,car,red,4700
439,4700_10.jpg,car,red,4700
440,4700_14.jpg,car,red,4700
441,4800_1.jpg,car,red,4800
442,4800_2.jpg,car,red,4800
443,4800_5.jpg,car,red,4800
444,4800_6.jpg,motorcycle,red,4800
445,4800_7.jpg,bus,red,4800
446,4800_9.jpg,truck,red,4800
447,4800_10.jpg,bus,red,4800
448,4800_13.jpg,bus,red,4800
449,4900_0.jpg,car,red,4900
450,4900_3.jpg,truck,red,4900
451,4900_5.jpg,car,red,4900
452,4900_6.jpg,truck,red,4900
453,4900_7.jpg,bus,red,4900
454,4900_8.jpg,bus,red,4900
455,4900_11.jpg,car,red,4900
456,5000_0.jpg,bus,red,5000
457,5000_2.jpg,motorcycle,red,5000
458,5000_3.jpg,motorcycle,red,5000
459,5000_4.jpg,car,red,5000
460,5000_6.jpg,truck,red,5000
461,5000_11.jpg,bus,red,5000
462,5100_0.jpg,car,red,5100
463,5100_1.jpg,car,red,5100
464,5100_4.jpg,car,red,5100
465,5100_7.jpg,truck,red,5100
466,5100_8.jpg,car,red,5100
467,5200_1.jpg,bus,red,5200
468,5200_3.jpg,truck,red,5200
469,5200_8.jpg,truck,red,5200
470,5200_9.jpg,truck,red,5200
471,5200_10.jpg,car,red,5200
472,5200_11.jpg,bus,red,5200
473,5200_13.jpg,bus,red,5200
474,5200_14.jpg,bus,red,5200
475,5300_0.jpg,truck,red,5300
476,5300_2.jpg,bus,red,5300
477,5300_3.jpg,bus,red,5300
478,5300_4.jpg,truck,red,5300
479,5300_5.jpg,truck,red,5300
480,5300_7.jpg,car,red,5300
481,5300_9.jpg,bus,red,5300
482,5300_10.jpg,car,red,5300
483,5300_11.jpg,truck,red,5300
484,5300_12.jpg,car,red,5300
485,5300_13.jpg,car,red,5300
486,5300_15.jpg,car,red,5300
487,5400_0.jpg,car,red,5400
488,5400_1.jpg,car,red,5400
489,5400_2.jpg,truck,red,5400
490,5400_3.jpg,car,red,5400
491,5400_4.jpg,bus,red,5400
492,5400_6.jpg,car,red,5400
493,5400_8.jpg,car,red,5400
494,5400_10.jpg,truck,red,5400
495,5400_11.jpg,car,red,5400
496,5400_12.jpg,bus,red,5400
497,5400_16.jpg,car,red,5400
498,5500_0.jpg,car,red,5500
499,5500_1.jpg,car,red,5500
500,5500_3.jpg,car,red,5500
501,5500_4.jpg,car,red,5500
502,5500_5.jpg,truck,red,5500
503,5500_6.jpg,truck,red,5500
504,5500_10.jpg,truck,red,5500
505,5500_12.jpg,car,red,5500
506,5500_13.jpg,truck,red,5500
507,5500_14.jpg,motorcycle,red,5500
508,5500_15.jpg,truck,red,5500
509,5500_18.jpg,truck,red,5500
510,5600_0.jpg,car,red,5600
511,5600_1.jpg,car,red,5600
512,5600_2.jpg,bus,red,5600
513,5600_6.jpg,car,red,5600
514,5600_7.jpg,bus,red,5600
515,5600_10.jpg,car,red,5600
516,5600_11.jpg,bus,red,5600
517,5600_12.jpg,truck,red,5600
518,5600_13.jpg,truck,red,5600
519,5600_14.jpg,motorcycle,red,5600
520,5700_0.jpg,truck,red,5700
521,5700_1.jpg,car,red,5700
522,5700_2.jpg,car,red,5700
523,5700_3.jpg,truck,red,5700
524,5700_5.jpg,truck,red,5700
525,5700_6.jpg,bus,red,5700
526,5700_8.jpg,car,red,5700
527,5700_9.jpg,truck,red,5700
528,5700_12.jpg,truck,red,5700
529,5700_13.jpg,motorcycle,red,5700
530,5700_15.jpg,motorcycle,red,5700
531,5700_16.jpg,car,red,5700
532,5700_17.jpg,motorcycle,red,5700
533,5700_19.jpg,car,red,5700
534,5700_21.jpg,truck,red,5700
535,5800_0.jpg,car,red,5800
536,5800_1.jpg,bus,red,5800
537,5800_2.jpg,car,red,5800
538,5800_3.jpg,car,red,5800
539,5800_5.jpg,car,red,5800
540,5800_7.jpg,truck,red,5800
541,5800_11.jpg,car,red,5800
542,5800_12.jpg,motorcycle,red,5800
543,5900_0.jpg,car,red,5900
544,5900_1.jpg,car,red,5900
545,5900_2.jpg,car,red,5900
546,5900_7.jpg,truck,red,5900
547,5900_10.jpg,motorcycle,red,5900
548,5900_13.jpg,motorcycle,red,5900
549,5900_15.jpg,car,red,5900
550,5900_16.jpg,car,red,5900
551,5900_17.jpg,car,red,5900
552,6000_0.jpg,car,red,6000
553,6000_2.jpg,motorcycle,red,6000
554,6000_3.jpg,truck,red,6000
555,6000_7.jpg,motorcycle,red,6000
556,6000_8.jpg,car,red,6000
557,6000_10.jpg,car,red,6000
558,6000_14.jpg,truck,red,6000
559,6000_16.jpg,motorcycle,red,6000
560,6000_17.jpg,car,red,6000
561,6000_18.jpg,car,red,6000
562,6000_19.jpg,car,red,6000
563,6000_22.jpg,motorcycle,red,6000
564,6000_23.jpg,motorcycle,red,6000
565,6100_0.jpg,car,red,6100
566,6100_1.jpg,car,red,6100
567,6100_2.jpg,car,red,6100
568,6100_5.jpg,car,red,6100
569,6100_6.jpg,car,red,6100
570,6100_7.jpg,truck,red,6100
571,6100_9.jpg,truck,red,6100
572,6100_10.jpg,motorcycle,red,6100
573,6100_12.jpg,car,red,6100
574,6100_13.jpg,car,red,6100
575,6200_0.jpg,car,red,6200
576,6200_1.jpg,car,red,6200
577,6200_4.jpg,truck,red,6200
578,6200_6.jpg,truck,red,6200
579,6200_8.jpg,car,red,6200
580,6200_9.jpg,bus,red,6200
581,6200_10.jpg,truck,red,6200
582,6200_11.jpg,bus,red,6200
583,6200_12.jpg,car,red,6200
584,6200_13.jpg,motorcycle,red,6200
585,6200_14.jpg,car,red,6200
586,6200_15.jpg,car,red,6200
587,6200_17.jpg,truck,red,6200
588,6200_18.jpg,car,red,6200
589,6200_19.jpg,truck,red,6200
590,6300_0.jpg,truck,red,6300
591,6300_1.jpg,car,red,6300
592,6300_2.jpg,truck,red,6300
593,6300_7.jpg,truck,red,6300
594,6300_8.jpg,truck,red,6300
595,6300_9.jpg,car,red,6300
596,6300_10.jpg,car,red,6300
597,6300_11.jpg,car,red,6300
598,6300_12.jpg,truck,red,6300
599,6300_14.jpg,car,red,6300
600,6300_16.jpg,truck,red,6300
601,6400_0.jpg,truck,red,6400
602,6400_1.jpg,car,red,6400
603,6400_3.jpg,car,red,6400
604,6400_5.jpg,truck,red,6400
605,6400_6.jpg,car,red,6400
606,6400_7.jpg,truck,red,6400
607,6400_8.jpg,truck,red,6400
608,6400_9.jpg,truck,red,6400
609,6400_10.jpg,car,red,6400
610,6400_11.jpg,car,red,6400
611,6400_13.jpg,bus,red,6400
612,6400_14.jpg,motorcycle,red,6400
613,6400_15.jpg,bus,red,6400
614,6500_0.jpg,car,red,6500
615,6500_1.jpg,bus,red,6500
616,6500_2.jpg,car,red,6500
617,6500_3.jpg,motorcycle,red,6500
618,6500_5.jpg,motorcycle,red,6500
619,6500_6.jpg,motorcycle,red,6500
620,6500_7.jpg,bus,red,6500
621,6500_11.jpg,motorcycle,red,6500
622,6500_15.jpg,bus,red,6500
623,6500_16.jpg,truck,red,6500
624,6500_17.jpg,car,red,6500
625,6500_19.jpg,motorcycle,red,6500
626,6500_21.jpg,car,red,6500
627,6600_0.jpg,truck,red,6600
628,6600_1.jpg,car,red,6600
629,6600_4.jpg,truck,red,6600
630,6600_6.jpg,bus,red,6600
631,6600_7.jpg,car,red,6600
632,6600_8.jpg,truck,red,6600
633,6600_9.jpg,car,red,6600
634,6600_12.jpg,bus,red,6600
635,6600_13.jpg,bus,red,6600
636,6600_16.jpg,car,red,6600
637,6600_17.jpg,car,red,6600
638,6700_0.jpg,truck,red,6700
639,6700_1.jpg,car,red,6700
640,6700_2.jpg,car,red,6700
641,6700_4.jpg,car,red,6700
642,6700_5.jpg,bus,red,6700
643,6700_8.jpg,motorcycle,red,6700
644,6700_11.jpg,bus,red,6700
645,6700_13.jpg,car,red,6700
646,6700_14.jpg,truck,red,6700
647,6700_18.jpg,motorcycle,red,6700
648,6800_0.jpg,car,red,6800
649,6800_1.jpg,bus,red,6800
650,6800_2.jpg,bus,red,6800
651,6800_4.jpg,bus,red,6800
652,6800_5.jpg,bus,red,6800
653,6800_6.jpg,car,red,6800
654,6800_8.jpg,car,red,6800
655,6800_9.jpg,bus,red,6800
656,6800_11.jpg,car,red,6800
657,6800_13.jpg,bus,red,6800
658,6800_15.jpg,bus,red,6800
659,6800_16.jpg,car,red,6800
660,6800_18.jpg,truck,red,6800
661,6800_19.jpg,motorcycle,red,6800
662,6900_0.jpg,bus,red,6900
663,6900_1.jpg,truck,red,6900
664,6900_4.jpg,bus,red,6900
665,6900_5.jpg,truck,red,6900
666,6900_6.jpg,truck,red,6900
667,6900_7.jpg,car,red,6900
668,6900_9.jpg,car,red,6900
669,6900_10.jpg,car,red,6900
670,6900_11.jpg,bus,red,6900
671,6900_12.jpg,motorcycle,red,6900
672,6900_13.jpg,car,red,6900
673,6900_14.jpg,motorcycle,red,6900
674,6900_15.jpg,motorcycle,red,6900
675,6900_20.jpg,car,red,6900
676,6900_21.jpg,motorcycle,red,6900
677,6900_25.jpg,car,red,6900
678,6900_28.jpg,motorcycle,red,6900
679,7000_0.jpg,truck,red,7000
680,7000_1.jpg,truck,red,7000
681,7000_2.jpg,truck,red,7000
682,7000_3.jpg,motorcycle,red,7000
683,7000_9.jpg,truck,red,7000
684,7000_11.jpg,motorcycle,red,7000
685,7000_13.jpg,truck,red,7000
686,7100_0.jpg,car,red,7100
687,7100_1.jpg,bus,red,7100
688,7100_2.jpg,truck,red,7100
689,7100_7.jpg,car,red,7100
690,7100_8.jpg,bus,red,7100
691,7100_9.jpg,car,red,7100
692,7100_13.jpg,truck,red,7100
693,7100_17.jpg,car,red,7100
694,7100_18.jpg,car,red,7100
695,7100_19.jpg,truck,red,7100
696,7100_21.jpg,car,red,7100
697,7100_22.jpg,car,red,7100
698,7200_0.jpg,car,red,7200
699,7200_1.jpg,car,red,7200
700,7200_2.jpg,bus,red,7200
701,7200_3.jpg,car,red,7200
702,7200_4.jpg,car,red,7200
703,7200_5.jpg,car,red,7200
704,7200_7.jpg,truck,red,7200
705,7200_8.jpg,motorcycle,red,7200
706,7200_10.jpg,car,red,7200
707,7200_13.jpg,motorcycle,red,7200
708,7200_14.jpg,car,red,7200
709,7200_20.jpg,car,red,7200
710,7200_21.jpg,motorcycle,red,7200
711,7200_22.jpg,motorcycle,red,7200
712,7200_23.jpg,truck,red,7200
713,7200_25.jpg,car,red,7200
714,7200_26.jpg,car,red,7200
715,7200_27.jpg,car,red,7200
716,7200_28.jpg,car,red,7200
717,7300_0.jpg,car,red,7300
718,7300_1.jpg,car,red,7300
719,7300_3.jpg,bus,red,7300
720,7300_6.jpg,motorcycle,red,7300
721,7300_7.jpg,car,red,7300
722,7300_8.jpg,truck,red,7300
723,7300_9.jpg,truck,red,7300
724,7300_10.jpg,truck,red,7300
725,7300_11.jpg,car,red,7300
726,7300_16.jpg,bus,red,7300
727,7300_17.jpg,truck,red,7300
728,7300_18.jpg,truck,red,7300
729,7300_19.jpg,bus,red,7300
730,7400_0.jpg,car,red,7400
731,7400_1.jpg,car,red,7400
732,7400_2.jpg,car,red,7400
733,7400_3.jpg,bus,red,7400
734,7400_4.jpg,car,red,7400
735,7400_5.jpg,car,red,7400
736,7400_6.jpg,car,red,7400
737,7400_7.jpg,truck,red,7400
738,7400_9.jpg,car,red,7400
739,7400_12.jpg,truck,red,7400
740,7400_14.jpg,truck,red,7400
741,7400_16.jpg,motorcycle,red,7400
742,7500_0.jpg,car,red,7500
743,7500_1.jpg,car,red,7500
744,7500_2.jpg,car,red,7500
745,7500_4.jpg,bus,red,7500
746,7500_5.jpg,car,red,7500
747,7500_6.jpg,car,red,7500
748,7500_7.jpg,truck,red,7500
749,7500_8.jpg,truck,red,7500
750,7500_10.jpg,truck,red,7500
751,7500_12.jpg,car,red,7500
752,7600_0.jpg,bus,red,7600
753,7600_1.jpg,car,red,7600
754,7600_2.jpg,car,red,7600
755,7600_4.jpg,truck,red,7600
756,7600_5.jpg,car,red,7600
757,7600_6.jpg,car,red,7600
758,7600_7.jpg,truck,red,7600
759,7600_8.jpg,car,red,7600
760,7600_11.jpg,truck,red,7600
761,7600_12.jpg,truck,red,7600
762,7600_13.jpg,car,red,7600
763,7700_0.jpg,car,red,7700
764,7700_1.jpg,car,red,7700
765,7700_2.jpg,car,red,7700
766,7700_4.jpg,car,red,7700
767,7700_7.jpg,truck,red,7700
768,7700_9.jpg,truck,red,7700
769,7700_10.jpg,motorcycle,red,7700
770,7700_12.jpg,truck,red,7700
771,7700_13.jpg,motorcycle,red,7700
772,7700_14.jpg,truck,red,7700
773,7700_16.jpg,truck,red,7700
774,7800_0.jpg,car,red,7800
775,7800_1.jpg,car,red,7800
776,7800_2.jpg,car,red,7800
777,7800_4.jpg,car,red,7800
778,7800_7.jpg,truck,red,7800
779,7800_8.jpg,truck,red,7800
780,7800_9.jpg,truck,red,7800
781,7800_10.jpg,truck,red,7800
782,7800_11.jpg,truck,red,7800
783,7800_13.jpg,car,red,7800
784,7800_14.jpg,truck,red,7800
785,7900_0.jpg,truck,red,7900
786,7900_1.jpg,car,red,7900
787,7900_2.jpg,bus,red,7900
788,7900_3.jpg,truck,red,7900
789,7900_4.jpg,truck,red,7900
790,7900_10.jpg,truck,red,7900
791,7900_11.jpg,car,red,7900
792,7900_13.jpg,car,red,7900
793,8000_0.jpg,truck,red,8000
794,8000_1.jpg,car,red,8000
795,8000_3.jpg,bus,red,8000
796,8000_4.jpg,truck,red,8000
797,8000_5.jpg,truck,red,8000
798,8000_7.jpg,motorcycle,red,8000
799,8000_10.jpg,truck,red,8000
800,8000_11.jpg,car,red,8000
801,8000_12.jpg,truck,red,8000
802,8100_0.jpg,car,red,8100
803,8100_3.jpg,motorcycle,red,8100
804,8100_4.jpg,motorcycle,red,8100
805,8100_5.jpg,car,red,8100
806,8100_7.jpg,motorcycle,red,8100
807,8100_9.jpg,truck,red,8100
808,8100_13.jpg,truck,red,8100
809,8100_14.jpg,bus,red,8100
810,8100_16.jpg,motorcycle,red,8100
811,8100_18.jpg,truck,red,8100
812,8100_19.jpg,motorcycle,red,8100
813,8100_20.jpg,car,red,8100
814,8100_24.jpg,car,red,8100
815,8200_0.jpg,car,red,8200
816,8200_2.jpg,car,red,8200
817,8200_3.jpg,motorcycle,red,8200
818,8200_4.jpg,truck,red,8200
819,8200_5.jpg,truck,red,8200
820,8200_7.jpg,truck,red,8200
821,8200_8.jpg,truck,red,8200
822,8200_10.jpg,bus,red,8200
823,8200_11.jpg,car,red,8200
824,8300_0.jpg,car,red,8300
825,8300_1.jpg,truck,red,8300
826,8300_2.jpg,car,red,8300
827,8300_4.jpg,truck,red,8300
828,8300_5.jpg,car,red,8300
829,8300_6.jpg,truck,red,8300
830,8300_7.jpg,truck,red,8300
831,8300_9.jpg,motorcycle,red,8300
832,8300_10.jpg,bus,red,8300
833,8300_11.jpg,truck,red,8300
834,8300_12.jpg,motorcycle,red,8300
835,8300_14.jpg,car,red,8300
836,8300_15.jpg,car,red,8300
837,8400_0.jpg,truck,red,8400
838,8400_1.jpg,car,red,8400
839,8400_3.jpg,truck,red,8400
840,8400_4.jpg,truck,red,8400
841,8400_5.jpg,motorcycle,red,8400
842,8400_6.jpg,motorcycle,red,8400
843,8400_7.jpg,truck,red,8400
844,8400_8.jpg,truck,red,8400
845,8400_9.jpg,motorcycle,red,8400
846,8400_11.jpg,motorcycle,red,8400
847,8400_15.jpg,truck,red,8400
848,8400_16.jpg,car,red,8400
849,8400_20.jpg,car,red,8400
850,8400_21.jpg,car,red,8400
851,8400_22.jpg,motorcycle,red,8400
852,8500_0.jpg,truck,red,8500
853,8500_2.jpg,truck,red,8500
854,8500_5.jpg,motorcycle,red,8500
855,8500_7.jpg,bus,red,8500
856,8500_8.jpg,truck,red,8500
857,8500_10.jpg,truck,red,8500
858,8500_11.jpg,truck,red,8500
859,8600_0.jpg,car,red,8600
860,8600_1.jpg,truck,red,8600
861,8600_2.jpg,car,red,8600
862,8600_4.jpg,truck,red,8600
863,8600_6.jpg,bus,red,8600
864,8600_8.jpg,truck,red,8600
865,8600_9.jpg,car,red,8600
866,8600_11.jpg,truck,red,8600
867,8600_13.jpg,truck,red,8600
868,8600_14.jpg,car,red,8600
869,8600_16.jpg,car,red,8600
870,8700_0.jpg,car,red,8700
871,8700_1.jpg,car,red,8700
872,8700_3.jpg,bus,red,8700
873,8700_4.jpg,bus,red,8700
874,8700_5.jpg,truck,red,8700
875,8700_6.jpg,motorcycle,red,8700
876,8700_7.jpg,motorcycle,red,8700
877,8700_8.jpg,car,red,8700
878,8700_12.jpg,bus,red,8700
879,8700_13.jpg,bus,red,8700
880,8700_15.jpg,truck,red,8700
881,8700_16.jpg,bus,red,8700
882,8800_0.jpg,car,red,8800
883,8800_1.jpg,bus,red,8800
884,8800_3.jpg,bus,red,8800
885,8800_4.jpg,truck,red,8800
886,8800_5.jpg,car,red,8800
887,8800_6.jpg,car,red,8800
888,8800_8.jpg,bus,red,8800
889,8800_9.jpg,bus,red,8800
890,8800_10.jpg,car,red,8800
891,8900_0.jpg,car,red,8900
892,8900_1.jpg,bus,red,8900
893,8900_3.jpg,motorcycle,red,8900
894,8900_4.jpg,bus,red,8900
895,8900_5.jpg,bus,red,8900
896,8900_6.jpg,bus,red,8900
897,8900_9.jpg,bus,red,8900
898,8900_10.jpg,bus,red,8900
899,8900_11.jpg,truck,red,8900
900,8900_12.jpg,truck,red,8900
901,8900_13.jpg,car,red,8900
902,8900_14.jpg,bus,red,8900
903,9000_0.jpg,bus,red,9000
904,9000_2.jpg,car,red,9000
905,9000_3.jpg,bus,red,9000
906,9000_4.jpg,truck,red,9000
907,9000_6.jpg,car,red,9000
908,9000_7.jpg,bus,red,9000
909,9000_9.jpg,bus,red,9000
910,9000_11.jpg,car,red,9000
911,9100_0.jpg,car,red,9100
912,9100_1.jpg,truck,red,9100
913,9100_2.jpg,car,red,9100
914,9100_3.jpg,car,red,9100
915,9100_5.jpg,motorcycle,red,9100
916,9100_6.jpg,truck,red,9100
917,9100_9.jpg,car,red,9100
918,9100_10.jpg,bus,red,9100
919,9100_11.jpg,truck,red,9100
920,9100_12.jpg,car,red,9100
921,9200_0.jpg,truck,red,9200
922,9200_1.jpg,car,red,9200
923,9200_2.jpg,car,red,9200
924,9200_3.jpg,car,red,9200
925,9200_4.jpg,car,red,9200
926,9200_5.jpg,car,red,9200
927,9200_6.jpg,motorcycle,red,9200
928,9200_7.jpg,truck,red,9200
929,9300_0.jpg,car,red,9300
930,9300_1.jpg,car,red,9300
931,9300_2.jpg,bus,red,9300
932,9300_3.jpg,car,red,9300
933,9300_4.jpg,truck,red,9300
934,9300_6.jpg,bus,red,9300
935,9300_8.jpg,car,red,9300
936,9400_0.jpg,car,red,9400
937,9400_1.jpg,car,red,9400
938,9400_2.jpg,car,red,9400
939,9400_3.jpg,car,red,9400
940,9400_4.jpg,motorcycle,red,9400
941,9400_5.jpg,truck,red,9400
942,9400_6.jpg,car,red,9400
943,9400_7.jpg,motorcycle,red,9400
944,9400_8.jpg,car,red,9400
945,9400_9.jpg,car,red,9400
946,9500_0.jpg,car,red,9500
947,9500_1.jpg,bus,red,9500
948,9500_3.jpg,car,red,9500
949,9500_4.jpg,bus,red,9500
950,9500_6.jpg,bus,red,9500
951,9500_7.jpg,bus,red,9500
952,9500_8.jpg,car,red,9500
953,9500_10.jpg,truck,red,9500
954,9500_11.jpg,bus,red,9500
955,9500_12.jpg,car,red,9500
956,9500_14.jpg,car,red,9500
957,9500_15.jpg,car,red,9500
958,9600_0.jpg,bus,red,9600
959,9600_1.jpg,car,red,9600
960,9600_4.jpg,bus,red,9600
961,9600_5.jpg,car,red,9600
962,9600_6.jpg,bus,red,9600
963,9600_7.jpg,truck,red,9600
964,9600_9.jpg,bus,red,9600
965,9600_10.jpg,car,red,9600
966,9600_12.jpg,car,red,9600
967,9700_0.jpg,car,red,9700
968,9700_2.jpg,bus,red,9700
969,9700_3.jpg,bus,red,9700
970,9700_4.jpg,truck,red,9700
971,9700_5.jpg,motorcycle,red,9700
972,9700_6.jpg,bus,red,9700
973,9700_7.jpg,bus,red,9700
974,9700_9.jpg,bus,red,9700
975,9700_10.jpg,truck,red,9700
976,9700_12.jpg,bus,red,9700
977,9700_13.jpg,car,red,9700
978,9700_14.jpg,bus,red,9700
979,9700_15.jpg,truck,red,9700
980,9800_0.jpg,bus,red,9800
981,9800_1.jpg,bus,red,9800
982,9800_2.jpg,bus,red,9800
983,9800_3.jpg,truck,red,9800
984,9800_4.jpg,bus,red,9800
985,9800_5.jpg,bus,red,9800
986,9800_8.jpg,bus,red,9800
987,9800_9.jpg,car,red,9800
988,9800_10.jpg,car,red,9800
989,9800_11.jpg,bus,red,9800
990,9800_14.jpg,bus,red,9800
991,9900_0.jpg,bus,red,9900
992,9900_1.jpg,bus,red,9900
993,9900_2.jpg,truck,red,9900
994,9900_4.jpg,bus,red,9900
995,9900_5.jpg,truck,red,9900
996,9900_6.jpg,bus,red,9900
997,9900_8.jpg,car,red,9900
998,9900_11.jpg,truck,red,9900
999,9900_12.jpg,bus,red,9900
1000,10000_0.jpg,truck,red,10000
1001,10000_1.jpg,bus,red,10000
1002,10000_2.jpg,bus,red,10000
1003,10000_3.jpg,motorcycle,red,10000
1004,10000_4.jpg,car,red,10000
1005,10000_5.jpg,bus,red,10000
1006,10000_7.jpg,car,red,10000
1007,10000_8.jpg,bus,red,10000
1008,10000_9.jpg,car,red,10000
1009,10000_10.jpg,car,red,10000
1010,10000_11.jpg,bus,red,10000
1011,10000_12.jpg,truck,red,10000
1012,10100_0.jpg,car,red,10100
1013,10100_1.jpg,truck,red,10100
1014,10100_2.jpg,bus,red,10100
1015,10100_3.jpg,car,red,10100
1016,10100_4.jpg,motorcycle,red,10100
1017,10100_5.jpg,bus,red,10100
1018,10100_6.jpg,truck,red,10100
1019,10100_7.jpg,car,red,10100
1020,10100_10.jpg,car,red,10100
1021,10200_0.jpg,truck,red,10200
1022,10200_1.jpg,car,red,10200
1023,10200_2.jpg,car,red,10200
1024,10200_3.jpg,motorcycle,red,10200
1025,10200_4.jpg,motorcycle,red,10200
1026,10200_5.jpg,truck,red,10200
1027,10200_7.jpg,motorcycle,red,10200
1028,10200_8.jpg,car,red,10200
1029,10200_10.jpg,motorcycle,red,10200
1030,10200_12.jpg,car,red,10200
1031,10200_13.jpg,car,red,10200
1032,10300_0.jpg,car,red,10300
1033,10300_1.jpg,bus,red,10300
1034,10300_2.jpg,bus,red,10300
1035,10300_3.jpg,bus,red,10300
1036,10300_4.jpg,car,red,10300
1037,10300_5.jpg,truck,red,10300
1038,10300_7.jpg,bus,red,10300
1039,10300_9.jpg,truck,red,10300
1040,10300_10.jpg,bus,red,10300
1041,10300_11.jpg,bus,red,10300
1042,10300_13.jpg,bus,red,10300
1043,10400_0.jpg,bus,red,10400
1044,10400_1.jpg,bus,red,10400
1045,10400_2.jpg,car,red,10400
1046,10400_3.jpg,bus,red,10400
1047,10400_4.jpg,truck,red,10400
1048,10400_7.jpg,truck,red,10400
1049,10400_8.jpg,car,red,10400
1050,10400_9.jpg,car,red,10400
1051,10400_11.jpg,car,red,10400
1052,10500_0.jpg,car,red,10500
1053,10500_1.jpg,bus,red,10500
1054,10500_2.jpg,car,red,10500
1055,10500_3.jpg,truck,red,10500
1056,10500_4.jpg,bus,red,10500
1057,10500_6.jpg,bus,red,10500
1058,10500_7.jpg,truck,red,10500
1059,10500_8.jpg,bus,red,10500
1060,10500_10.jpg,truck,red,10500
1061,10500_11.jpg,truck,red,10500
1062,10500_12.jpg,car,red,10500
1063,10500_13.jpg,truck,red,10500
1064,10500_14.jpg,car,red,10500
1065,10500_15.jpg,truck,red,10500
1066,10600_0.jpg,bus,red,10600
1067,10600_1.jpg,car,red,10600
1068,10600_2.jpg,truck,red,10600
1069,10600_3.jpg,bus,red,10600
1070,10600_6.jpg,truck,red,10600
1071,10600_7.jpg,truck,red,10600
1072,10600_8.jpg,bus,red,10600
1073,10700_0.jpg,bus,red,10700
1074,10700_1.jpg,truck,red,10700
1075,10700_8.jpg,car,red,10700
1076,10700_9.jpg,car,red,10700
1077,10800_0.jpg,bus,red,10800
1078,10800_1.jpg,car,red,10800
1079,10800_2.jpg,car,red,10800
1080,10800_3.jpg,truck,red,10800
1081,10800_7.jpg,car,red,10800
1082,10800_8.jpg,truck,red,10800
1083,10900_0.jpg,bus,red,10900
1084,10900_1.jpg,car,red,10900
1085,10900_2.jpg,bus,red,10900
1086,10900_4.jpg,bus,red,10900
1087,10900_5.jpg,car,red,10900
1088,10900_6.jpg,car,red,10900
1089,10900_7.jpg,bus,red,10900
1090,11000_0.jpg,bus,red,11000
1091,11000_1.jpg,car,red,11000
1092,11000_2.jpg,bus,red,11000
1093,11000_3.jpg,car,red,11000
1094,11000_4.jpg,bus,red,11000
1095,11000_8.jpg,truck,red,11000
1096,11000_9.jpg,bus,red,11000
1097,11100_0.jpg,bus,red,11100
1098,11100_1.jpg,car,red,11100
1099,11100_2.jpg,car,red,11100
1100,11100_3.jpg,car,red,11100
1101,11100_4.jpg,bus,red,11100
1102,11100_5.jpg,car,red,11100
1103,11100_6.jpg,car,red,11100
1104,11100_8.jpg,truck,red,11100
1105,11100_9.jpg,truck,red,11100
1106,11100_10.jpg,truck,red,11100
1107,11200_0.jpg,bus,red,11200
1108,11200_1.jpg,car,red,11200
1109,11200_2.jpg,car,red,11200
1110,11200_3.jpg,car,red,11200
1111,11200_5.jpg,bus,red,11200
1112,11200_6.jpg,car,red,11200
1113,11200_7.jpg,car,red,11200
1114,11200_8.jpg,bus,red,11200
1115,11200_9.jpg,truck,red,11200
1116,11200_10.jpg,bus,red,11200
1117,11200_12.jpg,car,red,11200
1118,11300_0.jpg,car,red,11300
1119,11300_1.jpg,bus,red,11300
1120,11300_2.jpg,truck,red,11300
1121,11300_3.jpg,car,red,11300
1122,11300_4.jpg,motorcycle,red,11300
1123,11300_5.jpg,motorcycle,red,11300
1124,11300_6.jpg,bus,red,11300
1125,11300_7.jpg,car,red,11300
1126,11300_8.jpg,motorcycle,red,11300
1127,11300_10.jpg,bus,red,11300
1128,11300_11.jpg,truck,red,11300
1129,11300_14.jpg,bus,red,11300
1130,11400_0.jpg,car,red,11400
1131,11400_1.jpg,car,red,11400
1132,11400_2.jpg,truck,red,11400
1133,11400_3.jpg,truck,red,11400
1134,11400_4.jpg,car,red,11400
1135,11400_5.jpg,truck,red,11400
1136,11400_7.jpg,motorcycle,red,11400
1137,11400_8.jpg,bus,red,11400
1138,11400_10.jpg,car,red,11400
1139,11400_13.jpg,truck,red,11400
1140,11500_0.jpg,car,red,11500
1141,11500_1.jpg,truck,red,11500
1142,11500_2.jpg,car,red,11500
1143,11500_3.jpg,car,red,11500
1144,11500_4.jpg,car,red,11500
1145,11500_5.jpg,bus,red,11500
1146,11500_6.jpg,motorcycle,red,11500
1147,11500_7.jpg,car,red,11500
1148,11500_9.jpg,truck,red,11500
1149,11500_11.jpg,car,red,11500
1150,11500_13.jpg,car,red,11500
1151,11500_14.jpg,car,red,11500
1152,11600_0.jpg,car,red,11600
1153,11600_1.jpg,car,red,11600
1154,11600_2.jpg,bus,red,11600
1155,11600_3.jpg,motorcycle,red,11600
1156,11600_4.jpg,bus,red,11600
1157,11600_5.jpg,motorcycle,red,11600
1158,11600_6.jpg,car,red,11600
1159,11600_7.jpg,motorcycle,red,11600
1160,11600_17.jpg,car,red,11600
1161,11700_0.jpg,car,red,11700
1162,11700_1.jpg,bus,red,11700
1163,11700_2.jpg,truck,red,11700
1164,11700_3.jpg,motorcycle,red,11700
1165,11700_4.jpg,car,red,11700
1166,11700_5.jpg,car,red,11700
1167,11700_7.jpg,motorcycle,red,11700
1168,11700_8.jpg,car,red,11700
1169,11700_11.jpg,car,red,11700
1170,11800_0.jpg,car,red,11800
1171,11800_1.jpg,bus,red,11800
1172,11800_2.jpg,motorcycle,red,11800
1173,11800_3.jpg,bus,red,11800
1174,11800_5.jpg,truck,red,11800
1175,11800_6.jpg,car,red,11800
1176,11800_8.jpg,car,red,11800
1177,11800_10.jpg,car,red,11800
1178,11900_0.jpg,truck,red,11900
1179,11900_1.jpg,car,red,11900
1180,11900_2.jpg,truck,red,11900
1181,11900_3.jpg,motorcycle,red,11900
1182,11900_6.jpg,truck,red,11900
1183,11900_7.jpg,motorcycle,red,11900
1184,12000_0.jpg,truck,red,12000
1185,12000_1.jpg,car,red,12000
1186,12000_2.jpg,car,red,12000
1187,12000_3.jpg,truck,red,12000
1188,12000_6.jpg,car,red,12000
1189,12100_1.jpg,truck,red,12100
1190,12100_2.jpg,car,red,12100
1191,12100_3.jpg,truck,red,12100
1192,12100_4.jpg,bus,red,12100
1193,12100_5.jpg,car,red,12100
1194,12100_6.jpg,car,red,12100
1195,12100_8.jpg,truck,red,12100
1196,12200_0.jpg,car,red,12200
1197,12200_1.jpg,truck,red,12200
1198,12200_2.jpg,car,red,12200
1199,12200_4.jpg,truck,red,12200
1200,12200_5.jpg,car,red,12200
1201,12200_6.jpg,bus,red,12200
1202,12200_7.jpg,car,red,12200
1203,12300_0.jpg,bus,red,12300
1204,12300_1.jpg,car,red,12300
1205,12300_2.jpg,car,red,12300
1206,12300_5.jpg,car,red,12300
1207,12300_10.jpg,truck,red,12300
1208,12400_0.jpg,car,red,12400
1209,12400_1.jpg,motorcycle,red,12400
1210,12400_3.jpg,truck,red,12400
1211,12400_4.jpg,bus,red,12400
1212,12400_5.jpg,truck,red,12400
1213,12400_9.jpg,truck,red,12400
1214,12400_11.jpg,bus,red,12400
1215,12400_12.jpg,truck,red,12400
1216,12400_15.jpg,car,red,12400
1217,12500_0.jpg,motorcycle,red,12500
1218,12500_1.jpg,car,red,12500
1219,12500_2.jpg,truck,red,12500
1220,12500_3.jpg,truck,red,12500
1221,12500_5.jpg,bus,red,12500
1222,12500_6.jpg,bus,red,12500
1223,12500_8.jpg,truck,red,12500
1224,12500_9.jpg,car,red,12500
1225,12500_13.jpg,car,red,12500
1226,12500_14.jpg,car,red,12500
1227,12500_15.jpg,car,red,12500
1228,12600_0.jpg,truck,red,12600
1229,12600_1.jpg,car,red,12600
1230,12600_3.jpg,bus,red,12600
1231,12600_4.jpg,motorcycle,red,12600
1232,12600_6.jpg,truck,red,12600
1233,12600_7.jpg,car,red,12600
1234,12600_11.jpg,motorcycle,red,12600
1235,12600_12.jpg,car,red,12600
1236,12600_13.jpg,truck,red,12600
1237,12600_14.jpg,truck,red,12600
1238,12600_15.jpg,bus,red,12600
1239,12600_16.jpg,car,red,12600
1240,12600_17.jpg,motorcycle,red,12600
1241,12600_18.jpg,car,red,12600
1242,12700_0.jpg,car,red,12700
1243,12700_2.jpg,bus,red,12700
1244,12700_4.jpg,truck,red,12700
1245,12700_5.jpg,bus,red,12700
1246,12700_6.jpg,car,red,12700
1247,12700_7.jpg,motorcycle,red,12700
1248,12700_9.jpg,car,red,12700
1249,12700_16.jpg,car,red,12700
1250,12800_0.jpg,truck,red,12800
1251,12800_4.jpg,car,red,12800
1252,12800_6.jpg,truck,red,12800
1253,12800_8.jpg,bus,red,12800
1254,12800_9.jpg,truck,red,12800
1255,12800_11.jpg,motorcycle,red,12800
1256,12800_12.jpg,motorcycle,red,12800
1257,12800_15.jpg,bus,red,12800
1258,12900_0.jpg,truck,red,12900
1259,12900_2.jpg,car,red,12900
1260,12900_4.jpg,car,red,12900
1261,12900_9.jpg,car,red,12900
1262,12900_10.jpg,car,red,12900
1263,12900_11.jpg,car,red,12900
1264,12900_13.jpg,motorcycle,red,12900
1265,12900_20.jpg,truck,red,12900
1266,12900_21.jpg,truck,red,12900
1267,13000_1.jpg,bus,red,13000
1268,13000_2.jpg,car,red,13000
1269,13000_3.jpg,bus,red,13000
1270,13000_4.jpg,motorcycle,red,13000
1271,13000_5.jpg,truck,red,13000
1272,13000_6.jpg,bus,red,13000
1273,13000_8.jpg,motorcycle,red,13000
1274,13000_9.jpg,bus,red,13000
1275,13000_13.jpg,bus,red,13000
1276,13000_15.jpg,motorcycle,red,13000
1277,13000_18.jpg,truck,red,13000
1278,13000_20.jpg,motorcycle,red,13000
1279,13100_0.jpg,car,red,13100
1280,13100_1.jpg,truck,red,13100
1281,13100_2.jpg,car,red,13100
1282,13100_5.jpg,bus,red,13100
1283,13100_6.jpg,motorcycle,red,13100
1284,13100_7.jpg,truck,red,13100
1285,13100_8.jpg,car,red,13100
1286,13100_10.jpg,motorcycle,red,13100
1287,13100_11.jpg,car,red,13100
1288,13100_13.jpg,car,red,13100
1289,13100_14.jpg,car,red,13100
1290,13100_17.jpg,bus,red,13100
1291,13200_1.jpg,motorcycle,red,13200
1292,13200_2.jpg,bus,red,13200
1293,13200_4.jpg,motorcycle,red,13200
1294,13200_6.jpg,truck,red,13200
1295,13200_8.jpg,truck,red,13200
1296,13200_10.jpg,bus,red,13200
1297,13200_11.jpg,car,red,13200
1298,13200_14.jpg,bus,red,13200
1299,13200_15.jpg,car,red,13200
1300,13200_16.jpg,car,red,13200
1301,13200_17.jpg,car,red,13200
1302,13300_0.jpg,bus,red,13300
1303,13300_1.jpg,car,red,13300
1304,13300_2.jpg,truck,red,13300
1305,13300_4.jpg,truck,red,13300
1306,13300_8.jpg,truck,red,13300
1307,13300_11.jpg,car,red,13300
1308,13300_16.jpg,car,red,13300
1309,13300_17.jpg,car,red,13300
1310,13400_0.jpg,car,red,13400
1311,13400_1.jpg,bus,red,13400
1312,13400_2.jpg,bus,red,13400
1313,13400_4.jpg,bus,red,13400
1314,13400_5.jpg,truck,red,13400
1315,13400_7.jpg,bus,red,13400
1316,13400_8.jpg,car,red,13400
1317,13400_11.jpg,bus,red,13400
1318,13400_12.jpg,truck,red,13400
1319,13400_13.jpg,car,red,13400
1320,13500_0.jpg,car,red,13500
1321,13500_1.jpg,bus,red,13500
1322,13500_2.jpg,truck,red,13500
1323,13500_4.jpg,bus,red,13500
1324,13500_6.jpg,truck,red,13500
1325,13500_7.jpg,car,red,13500
1326,13500_9.jpg,bus,red,13500
1327,13500_10.jpg,bus,red,13500
1328,13500_12.jpg,bus,red,13500
1329,13500_13.jpg,bus,red,13500
1330,13500_14.jpg,car,red,13500
1331,13600_0.jpg,bus,red,13600
1332,13600_1.jpg,truck,red,13600
1333,13600_2.jpg,car,red,13600
1334,13600_3.jpg,bus,red,13600
1335,13600_5.jpg,car,red,13600
1336,13600_6.jpg,bus,red,13600
1337,13600_7.jpg,car,red,13600
1338,13600_10.jpg,bus,red,13600
1339,13600_12.jpg,truck,red,13600
1340,13600_14.jpg,car,red,13600
1341,13600_20.jpg,motorcycle,red,13600
1342,13600_22.jpg,truck,red,13600
1343,13700_0.jpg,car,red,13700
1344,13700_1.jpg,bus,red,13700
1345,13700_2.jpg,car,red,13700
1346,13700_3.jpg,car,red,13700
1347,13700_5.jpg,truck,red,13700
1348,13700_7.jpg,truck,red,13700
1349,13700_10.jpg,bus,red,13700
1350,13700_12.jpg,car,red,13700
1351,13700_13.jpg,car,red,13700
1352,13700_14.jpg,car,red,13700
1353,13800_0.jpg,car,red,13800
1354,13800_1.jpg,truck,red,13800
1355,13800_3.jpg,truck,red,13800
1356,13800_6.jpg,bus,red,13800
1357,13800_8.jpg,truck,red,13800
1358,13900_0.jpg,bus,red,13900
1359,13900_5.jpg,bus,red,13900
1360,13900_6.jpg,car,red,13900
1361,13900_7.jpg,truck,red,13900
1362,13900_10.jpg,car,red,13900
1363,13900_12.jpg,bus,red,13900
1364,13900_14.jpg,bus,red,13900
1365,13900_16.jpg,car,red,13900
1366,14000_0.jpg,car,red,14000
1367,14000_2.jpg,bus,red,14000
1368,14000_3.jpg,bus,red,14000
1369,14000_6.jpg,bus,red,14000
1370,14000_11.jpg,car,red,14000
1371,14000_12.jpg,car,red,14000
1372,14100_2.jpg,car,red,14100
1373,14100_4.jpg,car,red,14100
1374,14100_5.jpg,truck,red,14100
1375,14100_7.jpg,car,red,14100
1376,14100_8.jpg,car,red,14100
1377,14100_9.jpg,car,red,14100
1378,14100_11.jpg,car,red,14100
1379,14100_13.jpg,car,red,14100
1380,14100_15.jpg,car,red,14100
1381,14100_16.jpg,truck,red,14100
1382,14100_21.jpg,bus,red,14100
1383,14100_22.jpg,bus,red,14100
1384,14200_0.jpg,car,red,14200
1385,14200_1.jpg,car,red,14200
1386,14200_2.jpg,car,red,14200
1387,14200_4.jpg,car,red,14200
1388,14200_5.jpg,truck,red,14200
1389,14200_6.jpg,motorcycle,red,14200
1390,14200_7.jpg,car,red,14200
1391,14200_10.jpg,motorcycle,red,14200
1392,14200_12.jpg,motorcycle,red,14200
1393,14200_15.jpg,motorcycle,red,14200
1394,14200_17.jpg,car,red,14200
1395,14300_0.jpg,car,red,14300
1396,14300_1.jpg,car,red,14300
1397,14300_6.jpg,bus,red,14300
1398,14300_7.jpg,bus,red,14300
1399,14300_8.jpg,truck,red,14300
1400,14300_12.jpg,car,red,14300
1401,14300_16.jpg,car,red,14300
1402,14400_0.jpg,car,red,14400
1403,14400_1.jpg,bus,red,14400
1404,14400_8.jpg,bus,red,14400
1405,14400_10.jpg,car,red,14400
1406,14400_12.jpg,car,red,14400
1407,14400_14.jpg,bus,red,14400
1408,14400_17.jpg,car,red,14400
1409,14400_20.jpg,motorcycle,red,14400
1410,14400_21.jpg,car,red,14400
1411,14400_22.jpg,bus,red,14400
1412,14500_0.jpg,bus,red,14500
1413,14500_2.jpg,bus,red,14500
1414,14500_4.jpg,car,red,14500
1415,14500_9.jpg,bus,red,14500
1416,14500_10.jpg,bus,red,14500
1417,14500_11.jpg,motorcycle,red,14500
1418,14500_17.jpg,car,red,14500
1419,14600_0.jpg,car,red,14600
1420,14600_3.jpg,truck,red,14600
1421,14600_8.jpg,motorcycle,red,14600
1422,14600_9.jpg,bus,red,14600
1423,14600_11.jpg,bus,red,14600
1424,14600_12.jpg,truck,red,14600
1425,14600_14.jpg,truck,red,14600
1426,14600_15.jpg,bus,red,14600
1427,14600_16.jpg,motorcycle,red,14600
1428,14600_17.jpg,car,red,14600
1429,14600_20.jpg,car,red,14600
1430,14600_24.jpg,car,red,14600
1431,14600_25.jpg,motorcycle,red,14600
1432,14600_27.jpg,truck,red,14600
1433,14700_0.jpg,bus,red,14700
1434,14700_1.jpg,car,red,14700
1435,14700_3.jpg,bus,red,14700
1436,14700_7.jpg,car,red,14700
1437,14700_13.jpg,bus,red,14700
1438,14700_15.jpg,bus,red,14700
1439,14700_17.jpg,bus,red,14700
1440,14700_18.jpg,truck,red,14700
1441,14700_19.jpg,car,red,14700
1442,14700_21.jpg,car,red,14700
1443,14800_0.jpg,car,red,14800
1444,14800_1.jpg,car,red,14800
1445,14800_2.jpg,bus,red,14800
1446,14800_4.jpg,car,red,14800
1447,14800_5.jpg,car,red,14800
1448,14800_7.jpg,bus,red,14800
1449,14800_8.jpg,motorcycle,red,14800
1450,14800_9.jpg,truck,red,14800
1451,14800_11.jpg,bus,red,14800
1452,14800_14.jpg,motorcycle,red,14800
1453,14800_17.jpg,motorcycle,red,14800
1454,14800_18.jpg,motorcycle,red,14800
1455,14800_20.jpg,car,red,14800
1456,14800_22.jpg,truck,red,14800
1457,14800_23.jpg,bus,red,14800
1458,14800_24.jpg,car,red,14800
1459,14800_26.jpg,car,red,14800
1460,14900_0.jpg,car,red,14900
1461,14900_1.jpg,car,red,14900
1462,14900_2.jpg,bus,red,14900
1463,14900_3.jpg,bus,red,14900
1464,14900_7.jpg,bus,red,14900
1465,14900_8.jpg,truck,red,14900
1466,14900_14.jpg,truck,red,14900
1467,14900_17.jpg,car,red,14900
1468,14900_18.jpg,bus,red,14900
1469,15000_0.jpg,bus,red,15000
1470,15000_1.jpg,bus,red,15000
1471,15000_3.jpg,bus,red,15000
1472,15000_13.jpg,car,red,15000
1473,15000_14.jpg,car,red,15000
1474,15000_15.jpg,car,red,15000
1475,15000_17.jpg,car,red,15000
1476,15100_1.jpg,bus,red,15100
1477,15100_2.jpg,car,red,15100
1478,15100_4.jpg,car,red,15100
1479,15100_5.jpg,truck,red,15100
1480,15100_8.jpg,bus,red,15100
1481,15100_9.jpg,car,red,15100
1482,15100_11.jpg,motorcycle,red,15100
1483,15100_12.jpg,car,red,15100
1484,15100_17.jpg,bus,red,15100
1485,15100_18.jpg,bus,red,15100
1486,15100_19.jpg,truck,red,15100
1487,15100_20.jpg,car,red,15100
1488,15100_22.jpg,motorcycle,red,15100
1489,15200_1.jpg,truck,red,15200
1490,15200_3.jpg,bus,red,15200
1491,15200_4.jpg,motorcycle,red,15200
1492,15200_5.jpg,car,red,15200
1493,15200_6.jpg,car,red,15200
1494,15200_8.jpg,motorcycle,red,15200
1495,15200_9.jpg,truck,red,15200
1496,15200_10.jpg,truck,red,15200
1497,15200_11.jpg,car,red,15200
1498,15200_14.jpg,car,red,15200
1499,15300_0.jpg,bus,red,15300
1500,15300_2.jpg,car,red,15300
1501,15300_3.jpg,bus,red,15300
1502,15300_4.jpg,truck,red,15300
1503,15300_5.jpg,car,red,15300
1504,15300_7.jpg,bus,red,15300
1505,15300_10.jpg,bus,red,15300
1506,15300_12.jpg,truck,red,15300
1507,15300_14.jpg,bus,red,15300
1508,15300_16.jpg,car,red,15300
1509,15300_17.jpg,car,red,15300
1510,15400_0.jpg,bus,red,15400
1511,15400_1.jpg,car,red,15400
1512,15400_2.jpg,car,red,15400
1513,15400_3.jpg,bus,red,15400
1514,15400_5.jpg,bus,red,15400
1515,15400_6.jpg,bus,red,15400
1516,15400_9.jpg,car,red,15400
1517,15400_10.jpg,bus,red,15400
1518,15400_11.jpg,bus,red,15400
1519,15400_17.jpg,car,red,15400
1520,15500_0.jpg,truck,red,15500
1521,15500_1.jpg,car,red,15500
1522,15500_3.jpg,car,red,15500
1523,15500_4.jpg,truck,red,15500
1524,15500_5.jpg,bus,red,15500
1525,15500_6.jpg,bus,red,15500
1526,15500_7.jpg,car,red,15500
1527,15500_8.jpg,truck,red,15500
1528,15500_10.jpg,car,red,15500
1529,15500_11.jpg,truck,red,15500
1530,15500_14.jpg,car,red,15500
1531,15500_16.jpg,bus,red,15500
1532,15600_0.jpg,car,red,15600
1533,15600_1.jpg,bus,red,15600
1534,15600_2.jpg,bus,red,15600
1535,15600_3.jpg,truck,red,15600
1536,15600_4.jpg,bus,red,15600
1537,15600_5.jpg,bus,red,15600
1538,15600_9.jpg,bus,red,15600
1539,15600_11.jpg,bus,red,15600
1540,15600_14.jpg,car,red,15600
1541,15600_15.jpg,motorcycle,red,15600
1542,15700_0.jpg,car,red,15700
1543,15700_1.jpg,bus,red,15700
1544,15700_2.jpg,bus,red,15700
1545,15700_3.jpg,bus,red,15700
1546,15700_4.jpg,motorcycle,red,15700
1547,15700_5.jpg,car,red,15700
1548,15700_6.jpg,truck,red,15700
1549,15700_12.jpg,car,red,15700
1550,15700_15.jpg,bus,red,15700
1551,15700_16.jpg,car,red,15700
1552,15700_17.jpg,car,red,15700
1553,15800_0.jpg,car,red,15800
1554,15800_1.jpg,truck,red,15800
1555,15800_2.jpg,truck,red,15800
1556,15800_4.jpg,car,red,15800
1557,15800_5.jpg,bus,red,15800
1558,15800_6.jpg,car,red,15800
1559,15800_7.jpg,bus,red,15800
1560,15800_8.jpg,bus,red,15800
1561,15800_9.jpg,truck,red,15800
1562,15800_10.jpg,bus,red,15800
1563,15800_11.jpg,bus,red,15800
1564,15800_13.jpg,car,red,15800
1565,15800_15.jpg,truck,red,15800
1566,15800_16.jpg,truck,red,15800
1567,15800_18.jpg,motorcycle,red,15800
1568,15800_20.jpg,bus,red,15800
1569,15900_0.jpg,bus,red,15900
1570,15900_1.jpg,bus,red,15900
1571,15900_2.jpg,car,red,15900
1572,15900_3.jpg,car,red,15900
1573,15900_4.jpg,bus,red,15900
1574,15900_5.jpg,car,red,15900
1575,15900_6.jpg,truck,red,15900
1576,15900_7.jpg,truck,red,15900
1577,15900_8.jpg,bus,red,15900
1578,15900_9.jpg,car,red,15900
1579,15900_10.jpg,car,red,15900
1580,15900_11.jpg,bus,red,15900
1581,15900_12.jpg,car,red,15900
1582,15900_13.jpg,bus,red,15900
1583,15900_14.jpg,bus,red,15900
1584,15900_15.jpg,car,red,15900
1585,15900_16.jpg,truck,red,15900
1586,16000_0.jpg,bus,red,16000
1587,16000_1.jpg,bus,red,16000
1588,16000_2.jpg,car,red,16000
1589,16000_3.jpg,bus,red,16000
1590,16000_4.jpg,bus,red,16000
1591,16000_5.jpg,car,red,16000
1592,16000_6.jpg,truck,red,16000
1593,16000_7.jpg,car,red,16000
1594,16000_9.jpg,bus,red,16000
1595,16000_10.jpg,car,red,16000
1596,16000_11.jpg,car,red,16000
1597,16000_12.jpg,car,red,16000
1598,16000_13.jpg,car,red,16000
1599,16100_0.jpg,bus,red,16100
1600,16100_1.jpg,car,red,16100
1601,16100_2.jpg,car,red,16100
1602,16100_3.jpg,car,red,16100
1603,16100_4.jpg,truck,red,16100
1604,16100_5.jpg,bus,red,16100
1605,16100_7.jpg,truck,red,16100
1606,16100_8.jpg,bus,red,16100
1607,16100_9.jpg,car,red,16100
1608,16100_10.jpg,car,red,16100
1609,16100_11.jpg,car,red,16100
1610,16100_12.jpg,bus,red,16100
1611,16100_13.jpg,car,red,16100
1612,16100_15.jpg,car,red,16100
1613,16100_16.jpg,car,red,16100
1614,16200_0.jpg,bus,red,16200
1615,16200_1.jpg,car,red,16200
1616,16200_2.jpg,truck,red,16200
1617,16200_3.jpg,car,red,16200
1618,16200_4.jpg,car,red,16200
1619,16200_5.jpg,car,red,16200
1620,16200_7.jpg,car,red,16200
1621,16200_8.jpg,car,red,16200
1622,16200_9.jpg,car,red,16200
1623,16200_10.jpg,bus,red,16200
1624,16200_12.jpg,truck,red,16200
1625,16200_13.jpg,motorcycle,red,16200
1626,16200_15.jpg,car,red,16200
1627,16300_0.jpg,car,red,16300
1628,16300_1.jpg,car,red,16300
1629,16300_2.jpg,car,red,16300
1630,16300_3.jpg,car,red,16300
1631,16300_4.jpg,truck,red,16300
1632,16300_5.jpg,car,red,16300
1633,16300_6.jpg,bus,red,16300
1634,16300_7.jpg,bus,red,16300
1635,16300_8.jpg,car,red,16300
1636,16300_9.jpg,car,red,16300
1637,16300_10.jpg,truck,red,16300
1638,16300_12.jpg,bus,red,16300
1639,16300_13.jpg,bus,red,16300
1640,16300_15.jpg,truck,red,16300
1641,16300_16.jpg,bus,red,16300
1642,16300_17.jpg,bus,red,16300
1643,16300_19.jpg,car,red,16300
1644,16400_0.jpg,bus,red,16400
1645,16400_3.jpg,bus,red,16400
1646,16400_4.jpg,car,red,16400
1647,16400_5.jpg,car,red,16400
1648,16400_7.jpg,bus,red,16400
1649,16400_8.jpg,motorcycle,red,16400
1650,16400_10.jpg,bus,red,16400
1651,16400_12.jpg,car,red,16400
1652,16400_13.jpg,car,red,16400
1653,16400_15.jpg,car,red,16400
1654,16400_16.jpg,car,red,16400
1655,16500_0.jpg,bus,red,16500
1656,16500_1.jpg,car,red,16500
1657,16500_2.jpg,car,red,16500
1658,16500_4.jpg,truck,red,16500
1659,16500_5.jpg,car,red,16500
1660,16500_6.jpg,bus,red,16500
1661,16500_7.jpg,car,red,16500
1662,16500_8.jpg,car,red,16500
1663,16500_11.jpg,car,red,16500
1664,16500_12.jpg,bus,red,16500
1665,16500_13.jpg,bus,red,16500
1666,16500_16.jpg,bus,red,16500
1667,16500_18.jpg,car,red,16500
1668,16500_19.jpg,truck,red,16500
1669,16500_20.jpg,truck,red,16500
1670,16500_21.jpg,bus,red,16500
1671,16600_0.jpg,truck,red,16600
1672,16600_2.jpg,bus,red,16600
1673,16600_3.jpg,motorcycle,red,16600
1674,16600_4.jpg,car,red,16600
1675,16600_5.jpg,truck,red,16600
1676,16600_7.jpg,truck,red,16600
1677,16600_8.jpg,bus,red,16600
1678,16600_9.jpg,bus,red,16600
1679,16600_10.jpg,motorcycle,red,16600
1680,16600_13.jpg,car,red,16600
1681,16600_14.jpg,car,red,16600
1682,16600_15.jpg,car,red,16600
1683,16600_16.jpg,car,red,16600
1684,16600_18.jpg,truck,red,16600
1685,16700_0.jpg,bus,red,16700
1686,16700_1.jpg,car,red,16700
1687,16700_2.jpg,truck,red,16700
1688,16700_4.jpg,truck,red,16700
1689,16700_5.jpg,bus,red,16700
1690,16700_7.jpg,motorcycle,red,16700
1691,16700_8.jpg,bus,red,16700
1692,16700_9.jpg,bus,red,16700
1693,16700_11.jpg,car,red,16700
1694,16700_14.jpg,car,red,16700
1695,16700_15.jpg,car,red,16700
1696,16700_17.jpg,car,red,16700
1697,16700_18.jpg,motorcycle,red,16700
1698,16700_19.jpg,car,red,16700
1699,16700_21.jpg,truck,red,16700
1700,16700_23.jpg,bus,red,16700
1701,16700_24.jpg,car,red,16700
1702,16700_25.jpg,bus,red,16700
1703,16800_0.jpg,car,red,16800
1704,16800_1.jpg,bus,red,16800
1705,16800_2.jpg,truck,red,16800
1706,16800_4.jpg,motorcycle,red,16800
1707,16800_5.jpg,bus,red,16800
1708,16800_6.jpg,car,red,16800
1709,16800_7.jpg,car,red,16800
1710,16800_9.jpg,motorcycle,red,16800
1711,16800_10.jpg,motorcycle,red,16800
1712,16800_11.jpg,truck,red,16800
1713,16800_12.jpg,car,red,16800
1714,16800_13.jpg,bus,red,16800
1715,16800_18.jpg,car,red,16800
1716,16800_20.jpg,motorcycle,red,16800
1717,16800_22.jpg,car,red,16800
1718,16800_23.jpg,motorcycle,red,16800
1719,16900_0.jpg,car,red,16900
1720,16900_1.jpg,car,red,16900
1721,16900_2.jpg,car,red,16900
1722,16900_3.jpg,car,red,16900
1723,16900_4.jpg,car,red,16900
1724,16900_5.jpg,bus,red,16900
1725,16900_8.jpg,motorcycle,red,16900
1726,16900_10.jpg,motorcycle,red,16900
1727,16900_11.jpg,bus,red,16900
1728,16900_12.jpg,motorcycle,red,16900
1729,16900_17.jpg,truck,red,16900
1730,16900_19.jpg,car,red,16900
1731,16900_20.jpg,car,red,16900
1732,16900_21.jpg,car,red,16900
1733,16900_22.jpg,car,red,16900
1734,17000_0.jpg,car,red,17000
1735,17000_1.jpg,car,red,17000
1736,17000_2.jpg,car,red,17000
1737,17000_3.jpg,bus,red,17000
1738,17000_6.jpg,car,red,17000
1739,17000_7.jpg,bus,red,17000
1740,17000_8.jpg,truck,red,17000
1741,17000_11.jpg,bus,red,17000
1742,17000_12.jpg,car,red,17000
1743,17000_14.jpg,car,red,17000
1744,17000_16.jpg,bus,red,17000
1745,17000_17.jpg,bus,red,17000
1746,17000_19.jpg,car,red,17000
1747,17000_21.jpg,truck,red,17000
1748,17100_0.jpg,bus,red,17100
1749,17100_1.jpg,car,red,17100
1750,17100_2.jpg,truck,red,17100
1751,17100_3.jpg,bus,red,17100
1752,17100_5.jpg,truck,red,17100
1753,17100_7.jpg,truck,red,17100
1754,17100_8.jpg,car,red,17100
1755,17100_11.jpg,car,red,17100
1756,17100_12.jpg,bus,red,17100
1757,17100_13.jpg,truck,red,17100
1758,17100_14.jpg,car,red,17100
1759,17200_0.jpg,car,red,17200
1760,17200_1.jpg,car,red,17200
1761,17200_2.jpg,bus,red,17200
1762,17200_3.jpg,car,red,17200
1763,17200_6.jpg,truck,red,17200
1764,17200_8.jpg,truck,red,17200
1765,17200_10.jpg,truck,red,17200
1766,17200_11.jpg,car,red,17200
1767,17200_13.jpg,car,red,17200
1768,17200_17.jpg,car,red,17200
1769,17200_18.jpg,truck,red,17200
1770,17300_0.jpg,bus,red,17300
1771,17300_1.jpg,car,red,17300
1772,17300_5.jpg,bus,red,17300
1773,17300_7.jpg,car,red,17300
1774,17300_8.jpg,bus,red,17300
1775,17300_9.jpg,car,red,17300
1776,17300_10.jpg,truck,red,17300
1777,17300_11.jpg,car,red,17300
1778,17300_14.jpg,bus,red,17300
1779,17400_0.jpg,car,red,17400
1780,17400_1.jpg,car,red,17400
1781,17400_2.jpg,car,red,17400
1782,17400_5.jpg,car,red,17400
1783,17400_7.jpg,car,red,17400
1784,17400_9.jpg,car,red,17400
1785,17400_11.jpg,car,red,17400
1786,17400_12.jpg,truck,red,17400
1787,17400_13.jpg,truck,red,17400
1788,17400_15.jpg,car,red,17400
1789,17400_16.jpg,truck,red,17400
1790,17400_17.jpg,car,red,17400
1791,17500_0.jpg,car,red,17500
1792,17500_1.jpg,car,red,17500
1793,17500_2.jpg,car,red,17500
1794,17500_4.jpg,car,red,17500
1795,17500_5.jpg,car,red,17500
1796,17500_6.jpg,truck,red,17500
1797,17500_11.jpg,truck,red,17500
1798,17500_12.jpg,car,red,17500
1799,17500_15.jpg,truck,red,17500
1800,17500_17.jpg,car,red,17500
1801,17500_19.jpg,car,red,17500
1802,17500_20.jpg,car,red,17500
1803,17600_2.jpg,car,red,17600
1804,17600_3.jpg,car,red,17600
1805,17600_4.jpg,car,red,17600
1806,17600_7.jpg,car,red,17600
1807,17600_8.jpg,car,red,17600
1808,17600_10.jpg,truck,red,17600
1809,17600_11.jpg,truck,red,17600
1810,17600_14.jpg,car,red,17600
1811,17600_15.jpg,car,red,17600
1812,17700_0.jpg,car,red,17700
1813,17700_2.jpg,truck,red,17700
1814,17700_6.jpg,car,red,17700
1815,17700_7.jpg,bus,red,17700
1816,17700_8.jpg,truck,red,17700
1817,17700_9.jpg,truck,red,17700
1818,17700_10.jpg,bus,red,17700
1819,17700_12.jpg,bus,red,17700
1820,17700_14.jpg,car,red,17700
1821,17700_15.jpg,car,red,17700
1822,17700_16.jpg,car,red,17700
1823,17800_0.jpg,truck,red,17800
1824,17800_2.jpg,bus,red,17800
1825,17800_3.jpg,bus,red,17800
1826,17800_8.jpg,truck,red,17800
1827,17800_12.jpg,bus,red,17800
1828,17800_15.jpg,car,red,17800
1829,17800_17.jpg,bus,red,17800
1830,17800_20.jpg,car,red,17800
1831,17900_0.jpg,bus,red,17900
1832,17900_2.jpg,bus,red,17900
1833,17900_4.jpg,bus,red,17900
1834,17900_6.jpg,bus,red,17900
1835,17900_9.jpg,bus,red,17900
1836,17900_12.jpg,bus,red,17900
1837,17900_14.jpg,bus,red,17900
1838,17900_19.jpg,car,red,17900
1839,17900_20.jpg,car,red,17900
1840,18000_0.jpg,bus,red,18000
1841,18000_1.jpg,bus,red,18000
1842,18000_2.jpg,car,red,18000
1843,18000_3.jpg,bus,red,18000
1844,18000_4.jpg,car,red,18000
1845,18000_5.jpg,bus,red,18000
1846,18000_6.jpg,bus,red,18000
1847,18000_8.jpg,bus,red,18000
1848,18000_11.jpg,truck,red,18000
1849,18000_13.jpg,truck,red,18000
1850,18000_18.jpg,bus,red,18000
1851,18000_19.jpg,car,red,18000
1852,18000_21.jpg,car,red,18000
1853,18100_0.jpg,bus,red,18100
1854,18100_1.jpg,bus,red,18100
1855,18100_3.jpg,car,red,18100
1856,18100_5.jpg,car,red,18100
1857,18100_6.jpg,bus,red,18100
1858,18100_7.jpg,truck,red,18100
1859,18100_8.jpg,bus,red,18100
1860,18100_11.jpg,car,red,18100
1861,18100_14.jpg,bus,red,18100
1862,18100_15.jpg,car,red,18100
1863,18200_0.jpg,bus,red,18200
1864,18200_1.jpg,bus,red,18200
1865,18200_3.jpg,bus,red,18200
1866,18200_4.jpg,car,red,18200
1867,18200_5.jpg,bus,red,18200
1868,18200_6.jpg,motorcycle,red,18200
1869,18200_7.jpg,truck,red,18200
1870,18200_9.jpg,bus,red,18200
1871,18200_10.jpg,motorcycle,red,18200
1872,18200_11.jpg,car,red,18200
1873,18200_13.jpg,car,red,18200
1874,18200_14.jpg,bus,red,18200
1875,18200_16.jpg,bus,red,18200
1876,18200_20.jpg,car,red,18200
1877,18300_0.jpg,car,red,18300
1878,18300_1.jpg,bus,red,18300
1879,18300_2.jpg,truck,red,18300
1880,18300_3.jpg,bus,red,18300
1881,18300_4.jpg,car,red,18300
1882,18300_5.jpg,car,red,18300
1883,18300_6.jpg,car,red,18300
1884,18300_7.jpg,motorcycle,red,18300
1885,18300_8.jpg,bus,red,18300
1886,18300_9.jpg,car,red,18300
1887,18300_12.jpg,car,red,18300
1888,18300_13.jpg,car,red,18300
1889,18300_14.jpg,car,red,18300
1890,18300_15.jpg,car,red,18300
1891,18300_17.jpg,bus,red,18300
1892,18300_18.jpg,car,red,18300
1893,18300_19.jpg,car,red,18300
1894,18400_0.jpg,car,red,18400
1895,18400_1.jpg,car,red,18400
1896,18400_2.jpg,bus,red,18400
1897,18400_4.jpg,car,red,18400
1898,18400_5.jpg,bus,red,18400
1899,18400_6.jpg,truck,red,18400
1900,18400_7.jpg,car,red,18400
1901,18400_8.jpg,car,red,18400
1902,18400_13.jpg,truck,red,18400
1903,18400_14.jpg,car,red,18400
1904,18400_16.jpg,bus,red,18400
1905,18400_17.jpg,bus,red,18400
1906,18400_19.jpg,car,red,18400
1907,18500_0.jpg,car,red,18500
1908,18500_1.jpg,bus,red,18500
1909,18500_2.jpg,car,red,18500
1910,18500_4.jpg,bus,red,18500
1911,18500_6.jpg,car,red,18500
1912,18500_7.jpg,car,red,18500
1913,18500_11.jpg,bus,red,18500
1914,18500_12.jpg,motorcycle,red,18500
1915,18500_13.jpg,bus,red,18500
1916,18500_16.jpg,car,red,18500
1917,18500_20.jpg,car,red,18500
1918,18500_21.jpg,car,red,18500
1919,18500_22.jpg,motorcycle,red,18500
1920,18500_24.jpg,bus,red,18500
1921,18600_0.jpg,bus,red,18600
1922,18600_1.jpg,car,red,18600
1923,18600_2.jpg,bus,red,18600
1924,18600_5.jpg,bus,red,18600
1925,18600_6.jpg,bus,red,18600
1926,18600_8.jpg,bus,red,18600
1927,18600_10.jpg,car,red,18600
1928,18600_11.jpg,car,red,18600
1929,18700_0.jpg,bus,red,18700
1930,18700_5.jpg,bus,red,18700
1931,18700_10.jpg,bus,red,18700
1932,18700_13.jpg,car,red,18700
1933,18800_0.jpg,car,red,18800
1934,18800_2.jpg,car,red,18800
1935,18800_3.jpg,car,red,18800
1936,18800_5.jpg,truck,red,18800
1937,18800_6.jpg,bus,red,18800
1938,18800_10.jpg,car,red,18800
1939,18800_13.jpg,bus,red,18800
1940,18800_14.jpg,bus,red,18800
1941,18800_15.jpg,bus,red,18800
1942,18800_17.jpg,car,red,18800
1943,18800_19.jpg,car,red,18800
1944,18900_0.jpg,car,red,18900
1945,18900_2.jpg,truck,red,18900
1946,18900_4.jpg,car,red,18900
1947,18900_5.jpg,truck,red,18900
1948,18900_7.jpg,car,red,18900
1949,18900_8.jpg,bus,red,18900
1950,18900_9.jpg,bus,red,18900
1951,18900_10.jpg,truck,red,18900
1952,18900_11.jpg,car,red,18900
1953,18900_12.jpg,bus,red,18900
1954,18900_13.jpg,car,red,18900
1955,18900_15.jpg,truck,red,18900
1956,18900_17.jpg,car,red,18900
1957,18900_18.jpg,car,red,18900
1958,18900_21.jpg,bus,red,18900
1959,19000_0.jpg,bus,red,19000
1960,19000_1.jpg,car,red,19000
1961,19000_2.jpg,car,red,19000
1962,19000_3.jpg,car,red,19000
1963,19000_5.jpg,car,red,19000
1964,19000_6.jpg,bus,red,19000
1965,19000_11.jpg,bus,red,19000
1966,19000_13.jpg,bus,red,19000
1967,19100_0.jpg,car,red,19100
1968,19100_1.jpg,car,red,19100
1969,19100_3.jpg,bus,red,19100
1970,19100_4.jpg,car,red,19100
1971,19100_5.jpg,bus,red,19100
1972,19100_8.jpg,motorcycle,red,19100
1973,19100_10.jpg,truck,red,19100
1974,19100_11.jpg,motorcycle,red,19100
1975,19100_13.jpg,motorcycle,red,19100
1976,19100_17.jpg,car,red,19100
1977,19100_18.jpg,car,red,19100
1978,19200_0.jpg,car,red,19200
1979,19200_3.jpg,bus,red,19200
1980,19200_4.jpg,truck,red,19200
1981,19200_6.jpg,motorcycle,red,19200
1982,19200_7.jpg,bus,red,19200
1983,19200_8.jpg,car,red,19200
1984,19200_10.jpg,bus,red,19200
1985,19200_13.jpg,motorcycle,red,19200
1986,19200_16.jpg,car,red,19200
1987,19300_0.jpg,car,red,19300
1988,19300_1.jpg,bus,red,19300
1989,19300_2.jpg,car,red,19300
1990,19300_7.jpg,car,red,19300
1991,19300_8.jpg,bus,red,19300
1992,19300_9.jpg,car,red,19300
1993,19300_11.jpg,bus,red,19300
1994,19300_13.jpg,bus,red,19300
1995,19400_0.jpg,car,red,19400
1996,19400_1.jpg,car,red,19400
1997,19400_2.jpg,bus,red,19400
1998,19400_3.jpg,truck,red,19400
1999,19400_4.jpg,car,red,19400
2000,19400_6.jpg,bus,red,19400
2001,19400_7.jpg,motorcycle,red,19400
2002,19400_10.jpg,bus,red,19400
2003,19400_17.jpg,car,red,19400
2004,19500_0.jpg,car,red,19500
2005,19500_2.jpg,bus,red,19500
2006,19500_5.jpg,bus,red,19500
2007,19500_6.jpg,truck,red,19500
2008,19500_10.jpg,truck,red,19500
2009,19500_12.jpg,bus,red,19500
2010,19500_13.jpg,car,red,19500
2011,19500_14.jpg,bus,red,19500
2012,19500_19.jpg,car,red,19500
2013,19500_21.jpg,car,red,19500
2014,19500_22.jpg,car,red,19500
2015,19500_24.jpg,bus,red,19500
2016,19600_0.jpg,bus,red,19600
2017,19600_2.jpg,bus,red,19600
2018,19600_4.jpg,bus,red,19600
2019,19600_5.jpg,bus,red,19600
2020,19600_9.jpg,car,red,19600
2021,19600_11.jpg,car,red,19600
2022,19600_12.jpg,motorcycle,red,19600
2023,19600_13.jpg,bus,red,19600
2024,19600_14.jpg,truck,red,19600
2025,19600_17.jpg,car,red,19600
2026,19600_18.jpg,bus,red,19600
2027,19600_23.jpg,motorcycle,red,19600
2028,19600_24.jpg,car,red,19600
2029,19600_26.jpg,car,red,19600
2030,19700_0.jpg,car,red,19700
2031,19700_2.jpg,truck,red,19700
2032,19700_3.jpg,bus,red,19700
2033,19700_4.jpg,truck,red,19700
2034,19700_5.jpg,bus,red,19700
2035,19700_8.jpg,car,red,19700
2036,19700_13.jpg,bus,red,19700
2037,19700_18.jpg,car,red,19700
2038,19700_20.jpg,truck,red,19700
2039,19700_21.jpg,bus,red,19700
2040,19800_0.jpg,bus,red,19800
2041,19800_2.jpg,bus,red,19800
2042,19800_3.jpg,bus,red,19800
2043,19800_4.jpg,car,red,19800
2044,19800_9.jpg,car,red,19800
2045,19800_10.jpg,bus,red,19800
2046,19800_11.jpg,car,red,19800
2047,19800_12.jpg,bus,red,19800
2048,19900_0.jpg,car,red,19900
2049,19900_1.jpg,bus,red,19900
2050,19900_2.jpg,bus,red,19900
2051,19900_4.jpg,bus,red,19900
2052,19900_5.jpg,truck,red,19900
2053,19900_6.jpg,bus,red,19900
2054,19900_7.jpg,bus,red,19900
2055,19900_9.jpg,bus,red,19900
2056,19900_10.jpg,motorcycle,red,19900
2057,19900_11.jpg,car,red,19900
2058,19900_14.jpg,car,red,19900
2059,20000_0.jpg,bus,red,20000
2060,20000_1.jpg,bus,red,20000
2061,20000_2.jpg,car,red,20000
2062,20000_3.jpg,bus,red,20000
2063,20000_5.jpg,car,red,20000
2064,20000_6.jpg,car,red,20000
2065,20000_7.jpg,bus,red,20000
2066,20000_10.jpg,bus,red,20000
2067,20000_12.jpg,bus,red,20000
2068,20000_13.jpg,car,red,20000
2069,20100_0.jpg,bus,red,20100
2070,20100_1.jpg,car,red,20100
2071,20100_3.jpg,car,red,20100
2072,20100_4.jpg,truck,red,20100
2073,20100_6.jpg,truck,red,20100
2074,20100_7.jpg,bus,red,20100
2075,20100_8.jpg,bus,red,20100
2076,20100_9.jpg,bus,red,20100
2077,20100_12.jpg,car,red,20100
2078,20200_0.jpg,car,red,20200
2079,20200_1.jpg,bus,red,20200
2080,20200_2.jpg,bus,red,20200
2081,20200_5.jpg,car,red,20200
2082,20200_6.jpg,motorcycle,red,20200
2083,20200_8.jpg,car,red,20200
2084,20200_9.jpg,bus,red,20200
2085,20200_11.jpg,car,red,20200
2086,20200_12.jpg,car,red,20200
2087,20200_15.jpg,car,red,20200
2088,20200_16.jpg,bus,red,20200
2089,20200_17.jpg,motorcycle,red,20200
2090,20200_18.jpg,car,red,20200
2091,20300_0.jpg,bus,red,20300
2092,20300_1.jpg,bus,red,20300
2093,20300_2.jpg,car,red,20300
2094,20300_3.jpg,car,red,20300
2095,20300_6.jpg,car,red,20300
2096,20300_7.jpg,motorcycle,red,20300
2097,20300_9.jpg,car,red,20300
2098,20300_11.jpg,car,red,20300
2099,20300_14.jpg,truck,red,20300
2100,20300_15.jpg,motorcycle,red,20300
2101,20300_16.jpg,car,red,20300
2102,20400_0.jpg,car,red,20400
2103,20400_1.jpg,car,red,20400
2104,20400_2.jpg,car,red,20400
2105,20400_4.jpg,bus,red,20400
2106,20400_5.jpg,car,red,20400
2107,20400_6.jpg,bus,red,20400
2108,20400_8.jpg,car,red,20400
2109,20400_9.jpg,car,red,20400
2110,20400_11.jpg,truck,red,20400
2111,20400_12.jpg,truck,red,20400
2112,20400_13.jpg,car,red,20400
2113,20400_14.jpg,bus,red,20400
2114,20400_15.jpg,bus,red,20400
2115,20500_0.jpg,car,red,20500
2116,20500_1.jpg,car,red,20500
2117,20500_2.jpg,bus,red,20500
2118,20500_4.jpg,bus,red,20500
2119,20500_5.jpg,bus,red,20500
2120,20500_6.jpg,car,red,20500
2121,20500_7.jpg,truck,red,20500
2122,20500_8.jpg,car,red,20500
2123,20500_10.jpg,motorcycle,red,20500
2124,20500_11.jpg,motorcycle,red,20500
2125,20500_15.jpg,motorcycle,red,20500
2126,20500_16.jpg,bus,red,20500
2127,20500_17.jpg,motorcycle,red,20500
2128,20500_20.jpg,car,red,20500
2129,20500_21.jpg,car,red,20500
2130,20600_0.jpg,bus,red,20600
2131,20600_1.jpg,car,red,20600
2132,20600_2.jpg,bus,red,20600
2133,20600_3.jpg,car,red,20600
2134,20600_4.jpg,bus,red,20600
2135,20600_5.jpg,bus,red,20600
2136,20600_6.jpg,bus,red,20600
2137,20600_8.jpg,bus,red,20600
2138,20600_9.jpg,car,red,20600
2139,20600_12.jpg,bus,red,20600
2140,20700_0.jpg,bus,red,20700
2141,20700_1.jpg,bus,red,20700
2142,20700_2.jpg,bus,red,20700
2143,20700_3.jpg,car,red,20700
2144,20700_4.jpg,bus,red,20700
2145,20700_5.jpg,car,red,20700
2146,20700_6.jpg,bus,red,20700
2147,20700_7.jpg,bus,red,20700
2148,20700_11.jpg,car,red,20700
2149,20700_12.jpg,car,red,20700
2150,20700_13.jpg,bus,red,20700
2151,20800_0.jpg,bus,red,20800
2152,20800_1.jpg,car,red,20800
2153,20800_2.jpg,bus,red,20800
2154,20800_3.jpg,motorcycle,red,20800
2155,20800_4.jpg,bus,red,20800
2156,20800_5.jpg,car,red,20800
2157,20800_6.jpg,car,red,20800
2158,20800_7.jpg,bus,red,20800
2159,20800_10.jpg,bus,red,20800
2160,20800_12.jpg,car,red,20800
2161,20800_13.jpg,bus,red,20800
2162,20800_14.jpg,car,red,20800
2163,20800_15.jpg,bus,red,20800
2164,20900_0.jpg,bus,red,20900
2165,20900_1.jpg,car,red,20900
2166,20900_2.jpg,car,red,20900
2167,20900_3.jpg,bus,red,20900
2168,20900_4.jpg,motorcycle,red,20900
2169,20900_5.jpg,car,red,20900
2170,20900_6.jpg,bus,red,20900
2171,20900_10.jpg,car,red,20900
2172,20900_11.jpg,truck,red,20900
2173,20900_13.jpg,car,red,20900
2174,20900_15.jpg,motorcycle,red,20900
2175,20900_17.jpg,truck,red,20900
2176,20900_18.jpg,motorcycle,red,20900
2177,21000_0.jpg,bus,red,21000
2178,21000_1.jpg,truck,red,21000
2179,21000_2.jpg,bus,red,21000
2180,21000_3.jpg,truck,red,21000
2181,21000_4.jpg,car,red,21000
2182,21000_5.jpg,car,red,21000
2183,21000_6.jpg,car,red,21000
2184,21000_9.jpg,car,red,21000
2185,21000_10.jpg,bus,red,21000
2186,21100_0.jpg,car,red,21100
2187,21100_1.jpg,car,red,21100
2188,21100_3.jpg,car,red,21100
2189,21100_4.jpg,motorcycle,red,21100
2190,21100_5.jpg,truck,red,21100
2191,21100_6.jpg,truck,red,21100
2192,21100_7.jpg,car,red,21100
2193,21100_8.jpg,car,red,21100
2194,21100_10.jpg,motorcycle,red,21100
2195,21100_11.jpg,bus,red,21100
2196,21100_13.jpg,bus,red,21100
2197,21100_14.jpg,bus,red,21100
2198,21100_17.jpg,motorcycle,red,21100
2199,21200_0.jpg,bus,red,21200
2200,21200_1.jpg,car,red,21200
2201,21200_2.jpg,car,red,21200
2202,21200_4.jpg,car,red,21200
2203,21200_7.jpg,bus,red,21200
2204,21200_8.jpg,motorcycle,red,21200
2205,21200_10.jpg,bus,red,21200
2206,21200_12.jpg,truck,red,21200
2207,21200_14.jpg,motorcycle,red,21200
2208,21200_15.jpg,car,red,21200
2209,21200_16.jpg,car,red,21200
2210,21200_19.jpg,car,red,21200
2211,21300_0.jpg,car,red,21300
2212,21300_1.jpg,car,red,21300
2213,21300_3.jpg,bus,red,21300
2214,21300_5.jpg,car,red,21300
2215,21300_6.jpg,car,red,21300
2216,21300_8.jpg,car,red,21300
2217,21400_0.jpg,truck,red,21400
2218,21400_1.jpg,car,red,21400
2219,21400_3.jpg,truck,red,21400
2220,21400_4.jpg,bus,red,21400
2221,21400_5.jpg,car,red,21400
2222,21400_7.jpg,car,red,21400
2223,21400_10.jpg,car,red,21400
2224,21400_12.jpg,car,red,21400
2225,21400_13.jpg,car,red,21400
2226,21400_16.jpg,truck,red,21400
2227,21400_18.jpg,bus,red,21400
2228,21400_19.jpg,car,red,21400
2229,21400_21.jpg,bus,red,21400
2230,21500_0.jpg,bus,red,21500
2231,21500_1.jpg,truck,red,21500
2232,21500_2.jpg,car,red,21500
2233,21500_4.jpg,car,red,21500
2234,21500_5.jpg,car,red,21500
2235,21500_11.jpg,bus,red,21500
2236,21500_12.jpg,car,red,21500
2237,21500_14.jpg,car,red,21500
2238,21500_15.jpg,bus,red,21500
2239,21500_17.jpg,truck,red,21500
2240,21500_19.jpg,motorcycle,red,21500
2241,21500_20.jpg,car,red,21500
2242,21500_21.jpg,car,red,21500
2243,21600_0.jpg,bus,red,21600
2244,21600_2.jpg,car,red,21600
2245,21600_3.jpg,car,red,21600
2246,21600_4.jpg,car,red,21600
2247,21600_5.jpg,car,red,21600
2248,21600_6.jpg,car,red,21600
2249,21600_7.jpg,car,red,21600
2250,21600_8.jpg,truck,red,21600
2251,21600_9.jpg,car,red,21600
2252,21600_10.jpg,bus,red,21600
2253,21600_13.jpg,bus,red,21600
2254,21600_15.jpg,car,red,21600
2255,21600_16.jpg,bus,red,21600
2256,21600_17.jpg,car,red,21600
2257,21700_0.jpg,car,red,21700
2258,21700_2.jpg,car,red,21700
2259,21700_5.jpg,car,red,21700
2260,21700_6.jpg,bus,red,21700
2261,21700_9.jpg,truck,red,21700
2262,21700_11.jpg,truck,red,21700
2263,21700_13.jpg,bus,red,21700
2264,21700_14.jpg,bus,red,21700
2265,21700_15.jpg,motorcycle,red,21700
2266,21800_0.jpg,car,red,21800
2267,21800_1.jpg,truck,red,21800
2268,21800_6.jpg,bus,red,21800
2269,21800_8.jpg,bus,red,21800
2270,21800_9.jpg,motorcycle,red,21800
2271,21800_11.jpg,car,red,21800
2272,21800_12.jpg,car,red,21800
2273,21800_15.jpg,truck,red,21800
2274,21900_0.jpg,bus,red,21900
2275,21900_1.jpg,truck,red,21900
2276,21900_2.jpg,bus,red,21900
2277,21900_3.jpg,motorcycle,red,21900
2278,21900_4.jpg,truck,red,21900
2279,21900_5.jpg,bus,red,21900
2280,21900_7.jpg,bus,red,21900
2281,21900_8.jpg,car,red,21900
2282,21900_9.jpg,bus,red,21900
2283,21900_12.jpg,truck,red,21900
2284,22000_0.jpg,truck,red,22000
2285,22000_1.jpg,car,red,22000
2286,22000_2.jpg,truck,red,22000
2287,22000_3.jpg,bus,red,22000
2288,22000_4.jpg,motorcycle,red,22000
2289,22000_5.jpg,truck,red,22000
2290,22000_6.jpg,car,red,22000
2291,22000_9.jpg,bus,red,22000
2292,22000_11.jpg,motorcycle,red,22000
2293,22000_12.jpg,car,red,22000
2294,22000_15.jpg,motorcycle,red,22000
2295,22000_16.jpg,bus,red,22000
2296,22000_17.jpg,car,red,22000
2297,22000_18.jpg,car,red,22000
2298,22100_0.jpg,bus,red,22100
2299,22100_1.jpg,car,red,22100
2300,22100_2.jpg,bus,red,22100
2301,22100_4.jpg,motorcycle,red,22100
2302,22100_7.jpg,bus,red,22100
2303,22100_8.jpg,bus,red,22100
2304,22100_10.jpg,truck,red,22100
2305,22100_11.jpg,car,red,22100
2306,22100_15.jpg,car,red,22100
2307,22100_16.jpg,motorcycle,red,22100
2308,22200_0.jpg,car,red,22200
2309,22200_1.jpg,car,red,22200
2310,22200_2.jpg,car,red,22200
2311,22200_3.jpg,bus,red,22200
2312,22200_5.jpg,bus,red,22200
2313,22200_7.jpg,bus,red,22200
2314,22200_8.jpg,truck,red,22200
2315,22200_12.jpg,motorcycle,red,22200
2316,22200_13.jpg,car,red,22200
2317,22200_16.jpg,car,red,22200
2318,22200_17.jpg,motorcycle,red,22200
2319,22200_18.jpg,motorcycle,red,22200
2320,22200_20.jpg,motorcycle,red,22200
2321,22300_0.jpg,car,red,22300
2322,22300_1.jpg,bus,red,22300
2323,22300_3.jpg,motorcycle,red,22300
2324,22300_4.jpg,motorcycle,red,22300
2325,22300_5.jpg,bus,red,22300
2326,22300_6.jpg,bus,red,22300
2327,22300_8.jpg,car,red,22300
2328,22400_0.jpg,truck,red,22400
2329,22400_2.jpg,bus,red,22400
2330,22400_3.jpg,motorcycle,red,22400
2331,22400_4.jpg,car,red,22400
2332,22400_5.jpg,truck,red,22400
2333,22400_6.jpg,motorcycle,red,22400
2334,22400_7.jpg,motorcycle,red,22400
2335,22400_8.jpg,motorcycle,red,22400
2336,22400_10.jpg,car,red,22400
2337,22400_14.jpg,motorcycle,red,22400
2338,22500_0.jpg,truck,red,22500
2339,22500_1.jpg,car,red,22500
2340,22500_2.jpg,motorcycle,red,22500
2341,22500_3.jpg,motorcycle,red,22500
2342,22500_4.jpg,car,red,22500
2343,22500_6.jpg,motorcycle,red,22500
2344,22500_7.jpg,car,red,22500
2345,22500_8.jpg,car,red,22500
2346,22500_10.jpg,car,red,22500
2347,22500_11.jpg,bus,red,22500
2348,22500_12.jpg,car,red,22500
2349,22500_13.jpg,car,red,22500
2350,22500_14.jpg,motorcycle,red,22500
2351,22500_15.jpg,bus,red,22500
2352,22600_0.jpg,car,red,22600
2353,22600_1.jpg,truck,red,22600
2354,22600_3.jpg,motorcycle,red,22600
2355,22600_4.jpg,motorcycle,red,22600
2356,22600_5.jpg,motorcycle,red,22600
2357,22600_7.jpg,motorcycle,red,22600
2358,22600_8.jpg,car,red,22600
2359,22600_9.jpg,motorcycle,red,22600
2360,22600_10.jpg,truck,red,22600
2361,22600_11.jpg,motorcycle,red,22600
2362,22600_12.jpg,motorcycle,red,22600
2363,22700_0.jpg,truck,red,22700
2364,22700_1.jpg,motorcycle,red,22700
2365,22700_2.jpg,motorcycle,red,22700
2366,22700_4.jpg,car,red,22700
2367,22700_6.jpg,motorcycle,red,22700
2368,22700_8.jpg,motorcycle,red,22700
2369,22700_11.jpg,car,red,22700
2370,22700_12.jpg,truck,red,22700
2371,22800_0.jpg,truck,red,22800
2372,22800_1.jpg,motorcycle,red,22800
2373,22800_2.jpg,car,red,22800
2374,22800_3.jpg,motorcycle,red,22800
2375,22800_4.jpg,car,red,22800
2376,22800_5.jpg,car,red,22800
2377,22800_6.jpg,motorcycle,red,22800
2378,22800_7.jpg,car,red,22800
2379,22800_9.jpg,motorcycle,red,22800
2380,22800_10.jpg,car,red,22800
2381,22900_0.jpg,car,red,22900
2382,22900_1.jpg,car,red,22900
2383,22900_2.jpg,car,red,22900
2384,22900_3.jpg,motorcycle,red,22900
2385,22900_7.jpg,motorcycle,red,22900
2386,22900_8.jpg,car,red,22900
2387,22900_9.jpg,car,red,22900
2388,22900_10.jpg,car,red,22900
2389,23000_0.jpg,car,red,23000
2390,23000_1.jpg,car,red,23000
2391,23000_3.jpg,motorcycle,red,23000
2392,23000_4.jpg,motorcycle,red,23000
2393,23000_7.jpg,truck,red,23000
2394,23000_8.jpg,car,red,23000
2395,23000_10.jpg,car,red,23000
2396,23000_11.jpg,motorcycle,red,23000
2397,23000_12.jpg,motorcycle,red,23000
2398,23100_1.jpg,truck,red,23100
2399,23100_3.jpg,car,red,23100
2400,23100_4.jpg,motorcycle,red,23100
2401,23100_5.jpg,car,red,23100
2402,23100_6.jpg,car,red,23100
2403,23200_0.jpg,car,red,23200
2404,23200_2.jpg,motorcycle,red,23200
2405,23200_3.jpg,truck,red,23200
2406,23200_4.jpg,truck,red,23200
2407,23200_7.jpg,motorcycle,red,23200
2408,23200_8.jpg,truck,red,23200
2409,23200_9.jpg,motorcycle,red,23200
2410,23200_11.jpg,truck,red,23200
2411,23200_12.jpg,truck,red,23200
2412,23200_13.jpg,car,red,23200
2413,23200_14.jpg,motorcycle,red,23200
2414,23200_16.jpg,motorcycle,red,23200
2415,23200_19.jpg,car,red,23200
2416,23300_0.jpg,truck,red,23300
2417,23300_1.jpg,truck,red,23300
2418,23300_2.jpg,truck,red,23300
2419,23400_1.jpg,car,red,23400
2420,23400_4.jpg,truck,red,23400
2421,23400_8.jpg,truck,red,23400
2422,23400_9.jpg,truck,red,23400
2423,23500_0.jpg,car,red,23500
2424,23500_1.jpg,car,red,23500
2425,23500_2.jpg,car,red,23500
2426,23500_3.jpg,car,red,23500
2427,23500_8.jpg,bus,red,23500
2428,23500_11.jpg,bus,red,23500
2429,23600_0.jpg,car,red,23600
2430,23600_1.jpg,bus,red,23600
2431,23600_2.jpg,bus,red,23600
2432,23600_3.jpg,truck,red,23600
2433,23600_6.jpg,car,red,23600
2434,23600_11.jpg,motorcycle,red,23600
2435,23600_12.jpg,truck,red,23600
2436,23700_0.jpg,bus,red,23700
2437,23700_1.jpg,bus,red,23700
2438,23700_2.jpg,car,red,23700
2439,23700_5.jpg,car,red,23700
2440,23800_0.jpg,car,red,23800
2441,23800_3.jpg,car,red,23800
2442,23800_4.jpg,motorcycle,red,23800
2443,23800_5.jpg,truck,red,23800
2444,23800_6.jpg,motorcycle,red,23800
2445,23800_8.jpg,car,red,23800
2446,23800_9.jpg,motorcycle,red,23800
2447,23800_12.jpg,truck,red,23800
2448,23800_13.jpg,bus,red,23800
2449,23800_14.jpg,bus,red,23800
2450,23800_15.jpg,truck,red,23800
2451,23800_16.jpg,car,red,23800
2452,23800_17.jpg,car,red,23800
2453,23900_0.jpg,car,red,23900
2454,23900_1.jpg,truck,red,23900
2455,23900_2.jpg,car,red,23900
2456,23900_5.jpg,car,red,23900
2457,23900_8.jpg,truck,red,23900
2458,23900_9.jpg,truck,red,23900
2459,23900_10.jpg,car,red,23900
2460,24000_0.jpg,car,red,24000
2461,24000_1.jpg,car,red,24000
2462,24000_2.jpg,car,red,24000
2463,24000_4.jpg,motorcycle,red,24000
2464,24000_5.jpg,motorcycle,red,24000
2465,24000_7.jpg,truck,red,24000
2466,24000_8.jpg,motorcycle,red,24000
2467,24000_9.jpg,truck,red,24000
2468,24000_10.jpg,car,red,24000
2469,24100_0.jpg,car,red,24100
2470,24100_2.jpg,motorcycle,red,24100
2471,24100_3.jpg,bus,red,24100
2472,24100_5.jpg,motorcycle,red,24100
2473,24100_6.jpg,car,red,24100
2474,24200_0.jpg,motorcycle,red,24200
2475,24200_1.jpg,bus,red,24200
2476,24200_2.jpg,motorcycle,red,24200
2477,24200_3.jpg,motorcycle,red,24200
2478,24200_5.jpg,car,red,24200
2479,24200_6.jpg,motorcycle,red,24200
2480,24200_8.jpg,car,red,24200
2481,24200_10.jpg,motorcycle,red,24200
2482,24300_0.jpg,truck,red,24300
2483,24300_1.jpg,bus,red,24300
2484,24300_2.jpg,bus,red,24300
2485,24300_5.jpg,motorcycle,red,24300
2486,24300_7.jpg,motorcycle,red,24300
2487,24300_10.jpg,motorcycle,red,24300
2488,24300_11.jpg,motorcycle,red,24300
2489,24300_12.jpg,motorcycle,red,24300
2490,24300_13.jpg,motorcycle,red,24300
2491,24400_0.jpg,truck,red,24400
2492,24400_1.jpg,truck,red,24400
2493,24400_2.jpg,motorcycle,red,24400
2494,24400_4.jpg,motorcycle,red,24400
2495,24400_5.jpg,motorcycle,red,24400
2496,24400_9.jpg,car,red,24400
2497,24400_11.jpg,motorcycle,red,24400
2498,24400_12.jpg,truck,red,24400
2499,24500_0.jpg,car,red,24500
2500,24500_2.jpg,car,red,24500
2501,24500_3.jpg,truck,red,24500
2502,24500_4.jpg,motorcycle,red,24500
2503,24500_5.jpg,car,red,24500
2504,24500_6.jpg,car,red,24500
2505,24500_7.jpg,truck,red,24500
2506,24500_10.jpg,car,red,24500
2507,24500_11.jpg,car,red,24500
2508,24500_12.jpg,motorcycle,red,24500
2509,24500_15.jpg,truck,red,24500
2510,24600_0.jpg,car,red,24600
2511,24600_1.jpg,car,red,24600
2512,24600_2.jpg,bus,red,24600
2513,24600_3.jpg,car,red,24600
2514,24600_4.jpg,motorcycle,red,24600
2515,24600_5.jpg,truck,red,24600
2516,24600_6.jpg,motorcycle,red,24600
2517,24600_9.jpg,truck,red,24600
2518,24600_10.jpg,car,red,24600
2519,24600_11.jpg,motorcycle,red,24600
2520,24600_12.jpg,bus,red,24600
2521,24600_14.jpg,motorcycle,red,24600
2522,24600_15.jpg,car,red,24600
2523,24700_0.jpg,truck,red,24700
2524,24700_1.jpg,motorcycle,red,24700
2525,24700_2.jpg,bus,red,24700
2526,24700_3.jpg,motorcycle,red,24700
2527,24700_4.jpg,motorcycle,red,24700
2528,24700_5.jpg,motorcycle,red,24700
2529,24700_7.jpg,motorcycle,red,24700
2530,24700_8.jpg,car,red,24700
2531,24700_9.jpg,truck,red,24700
2532,24700_10.jpg,car,red,24700
2533,24800_0.jpg,truck,red,24800
2534,24800_2.jpg,car,red,24800
2535,24800_3.jpg,motorcycle,red,24800
2536,24800_5.jpg,car,red,24800
2537,24800_6.jpg,truck,red,24800
2538,24800_7.jpg,motorcycle,red,24800
2539,24800_8.jpg,motorcycle,red,24800
2540,24800_9.jpg,motorcycle,red,24800
2541,24800_11.jpg,bus,red,24800
2542,24800_12.jpg,motorcycle,red,24800
2543,24900_0.jpg,car,red,24900
2544,24900_1.jpg,bus,red,24900
2545,24900_2.jpg,motorcycle,red,24900
2546,24900_3.jpg,motorcycle,red,24900
2547,24900_4.jpg,motorcycle,red,24900
2548,24900_5.jpg,motorcycle,red,24900
2549,24900_6.jpg,motorcycle,red,24900
2550,24900_8.jpg,motorcycle,red,24900
2551,24900_12.jpg,motorcycle,red,24900
2552,24900_13.jpg,car,red,24900
2553,24900_14.jpg,car,red,24900
2554,25000_0.jpg,car,red,25000
2555,25000_1.jpg,bus,red,25000
2556,25000_2.jpg,car,red,25000
2557,25000_3.jpg,bus,red,25000
2558,25000_4.jpg,motorcycle,red,25000
2559,25000_5.jpg,car,red,25000
2560,25000_7.jpg,bus,red,25000
2561,25000_9.jpg,motorcycle,red,25000
2562,25000_10.jpg,motorcycle,red,25000
2563,25000_11.jpg,bus,red,25000
2564,25000_12.jpg,car,red,25000
2565,25000_16.jpg,motorcycle,red,25000
2566,25100_0.jpg,car,red,25100
2567,25100_1.jpg,truck,red,25100
2568,25100_2.jpg,bus,red,25100
2569,25100_4.jpg,bus,red,25100
2570,25100_5.jpg,car,red,25100
2571,25100_7.jpg,motorcycle,red,25100
